symbol,fold,feature,mean_signed_ig,mean_abs_ig,rank_abs,test_samples,baseline_rule,target_rule
2345,0,ret1,0.01822938397526741,0.04024901241064072,3,20,train_only_median_scaled,predicted_direction_logit
2345,0,ret5,0.010017266497015953,0.017250655218958855,5,20,train_only_median_scaled,predicted_direction_logit
2345,0,vol20,0.05636930465698242,0.06952296197414398,1,20,train_only_median_scaled,predicted_direction_logit
2345,0,volume_z20,0.0070151761174201965,0.016913918778300285,6,20,train_only_median_scaled,predicted_direction_logit
2345,0,mkt_ret1,0.010418929159641266,0.024666666984558105,4,20,train_only_median_scaled,predicted_direction_logit
2345,0,mkt_ret5,0.029094114899635315,0.06635697931051254,2,20,train_only_median_scaled,predicted_direction_logit
2345,0,mkt_vol20,-7.810820534359664e-05,0.0025336802937090397,7,20,train_only_median_scaled,predicted_direction_logit
2345,1,ret1,0.03321109712123871,0.04682353883981705,3,20,train_only_median_scaled,predicted_direction_logit
2345,1,ret5,0.031039699912071228,0.035633668303489685,4,20,train_only_median_scaled,predicted_direction_logit
2345,1,vol20,0.05678367614746094,0.061652183532714844,1,20,train_only_median_scaled,predicted_direction_logit
2345,1,volume_z20,-0.00013808548101224005,0.005350948311388493,7,20,train_only_median_scaled,predicted_direction_logit
2345,1,mkt_ret1,0.018744491040706635,0.027353156358003616,5,20,train_only_median_scaled,predicted_direction_logit
2345,1,mkt_ret5,0.03708215802907944,0.047349415719509125,2,20,train_only_median_scaled,predicted_direction_logit
2345,1,mkt_vol20,0.009235738776624203,0.010469815693795681,6,20,train_only_median_scaled,predicted_direction_logit
2345,2,ret1,0.03268946334719658,0.09303484112024307,2,20,train_only_median_scaled,predicted_direction_logit
2345,2,ret5,0.014912565238773823,0.03153436258435249,7,20,train_only_median_scaled,predicted_direction_logit
2345,2,vol20,0.08746353536844254,0.13939519226551056,1,20,train_only_median_scaled,predicted_direction_logit
2345,2,volume_z20,0.01805349811911583,0.04251868277788162,6,20,train_only_median_scaled,predicted_direction_logit
2345,2,mkt_ret1,-0.012478427961468697,0.06568493694067001,3,20,train_only_median_scaled,predicted_direction_logit
2345,2,mkt_ret5,0.0517275333404541,0.061514712870121,4,20,train_only_median_scaled,predicted_direction_logit
2345,2,mkt_vol20,0.019040996208786964,0.06137925386428833,5,20,train_only_median_scaled,predicted_direction_logit
2345,3,ret1,-0.012846777215600014,0.030674070119857788,5,20,train_only_median_scaled,predicted_direction_logit
2345,3,ret5,0.032765232026576996,0.03469019755721092,3,20,train_only_median_scaled,predicted_direction_logit
2345,3,vol20,0.16765812039375305,0.16765812039375305,1,20,train_only_median_scaled,predicted_direction_logit
2345,3,volume_z20,0.0037673315964639187,0.03147908300161362,4,20,train_only_median_scaled,predicted_direction_logit
2345,3,mkt_ret1,0.007359082344919443,0.01494619995355606,7,20,train_only_median_scaled,predicted_direction_logit
2345,3,mkt_ret5,0.08135171234607697,0.08451580256223679,2,20,train_only_median_scaled,predicted_direction_logit
2345,3,mkt_vol20,0.009155938401818275,0.01661059446632862,6,20,train_only_median_scaled,predicted_direction_logit
2345,4,ret1,0.028282959014177322,0.03000977635383606,2,20,train_only_median_scaled,predicted_direction_logit
2345,4,ret5,0.012226889841258526,0.016901692375540733,6,20,train_only_median_scaled,predicted_direction_logit
2345,4,vol20,-0.001159733161330223,0.020422043278813362,4,20,train_only_median_scaled,predicted_direction_logit
2345,4,volume_z20,0.01344294659793377,0.01976954936981201,5,20,train_only_median_scaled,predicted_direction_logit
2345,4,mkt_ret1,0.03537987172603607,0.06451066583395004,1,20,train_only_median_scaled,predicted_direction_logit
2345,4,mkt_ret5,0.008616890758275986,0.025048717856407166,3,20,train_only_median_scaled,predicted_direction_logit
2345,4,mkt_vol20,0.012050440534949303,0.012050440534949303,7,20,train_only_median_scaled,predicted_direction_logit
2345,5,ret1,0.02693198248744011,0.03178509324789047,2,20,train_only_median_scaled,predicted_direction_logit
2345,5,ret5,0.0042427233420312405,0.006969555281102657,7,20,train_only_median_scaled,predicted_direction_logit
2345,5,vol20,0.02088574878871441,0.030674844980239868,3,20,train_only_median_scaled,predicted_direction_logit
2345,5,volume_z20,-0.0037848972715437412,0.012705689296126366,6,20,train_only_median_scaled,predicted_direction_logit
2345,5,mkt_ret1,0.02493114583194256,0.025735056027770042,4,20,train_only_median_scaled,predicted_direction_logit
2345,5,mkt_ret5,0.031975679099559784,0.037475768476724625,1,20,train_only_median_scaled,predicted_direction_logit
2345,5,mkt_vol20,-0.014302323572337627,0.014311440289020538,5,20,train_only_median_scaled,predicted_direction_logit
2345,6,ret1,0.0175870880484581,0.027652183547616005,1,20,train_only_median_scaled,predicted_direction_logit
2345,6,ret5,-0.005612644366919994,0.017005976289510727,6,20,train_only_median_scaled,predicted_direction_logit
2345,6,vol20,-0.016597682610154152,0.018444504588842392,5,20,train_only_median_scaled,predicted_direction_logit
2345,6,volume_z20,0.011951327323913574,0.0195113904774189,3,20,train_only_median_scaled,predicted_direction_logit
2345,6,mkt_ret1,0.014698435552418232,0.01900460012257099,4,20,train_only_median_scaled,predicted_direction_logit
2345,6,mkt_ret5,0.016683384776115417,0.026405224576592445,2,20,train_only_median_scaled,predicted_direction_logit
2345,6,mkt_vol20,0.002867362694814801,0.013786084949970245,7,20,train_only_median_scaled,predicted_direction_logit
2345,7,ret1,0.0068360865116119385,0.02896430529654026,1,20,train_only_median_scaled,predicted_direction_logit
2345,7,ret5,0.0113592017441988,0.021162357181310654,2,20,train_only_median_scaled,predicted_direction_logit
2345,7,vol20,-0.009931901469826698,0.0184443611651659,4,20,train_only_median_scaled,predicted_direction_logit
2345,7,volume_z20,0.006166358478367329,0.008545400574803352,7,20,train_only_median_scaled,predicted_direction_logit
2345,7,mkt_ret1,0.006278282962739468,0.017218884080648422,6,20,train_only_median_scaled,predicted_direction_logit
2345,7,mkt_ret5,0.01519806683063507,0.01793978363275528,5,20,train_only_median_scaled,predicted_direction_logit
2345,7,mkt_vol20,-0.012793322093784809,0.0192747563123703,3,20,train_only_median_scaled,predicted_direction_logit
2345,8,ret1,0.02410215139389038,0.031075716018676758,2,20,train_only_median_scaled,predicted_direction_logit
2345,8,ret5,0.014080895110964775,0.016526680439710617,3,20,train_only_median_scaled,predicted_direction_logit
2345,8,vol20,-0.009656159207224846,0.01055117230862379,6,20,train_only_median_scaled,predicted_direction_logit
2345,8,volume_z20,-0.002561530563980341,0.013065648265182972,5,20,train_only_median_scaled,predicted_direction_logit
2345,8,mkt_ret1,0.013071795925498009,0.014259534887969494,4,20,train_only_median_scaled,predicted_direction_logit
2345,8,mkt_ret5,0.01050370093435049,0.0351128987967968,1,20,train_only_median_scaled,predicted_direction_logit
2345,8,mkt_vol20,0.006528954952955246,0.006668935529887676,7,20,train_only_median_scaled,predicted_direction_logit
3017,0,ret1,0.01605689711868763,0.018941717222332954,3,20,train_only_median_scaled,predicted_direction_logit
3017,0,ret5,0.0009925455087795854,0.003371638711541891,7,20,train_only_median_scaled,predicted_direction_logit
3017,0,vol20,0.026215393096208572,0.028577715158462524,1,20,train_only_median_scaled,predicted_direction_logit
3017,0,volume_z20,0.0071550458669662476,0.017649343237280846,4,20,train_only_median_scaled,predicted_direction_logit
3017,0,mkt_ret1,0.0028897863812744617,0.009599477984011173,5,20,train_only_median_scaled,predicted_direction_logit
3017,0,mkt_ret5,0.025518810376524925,0.0256351288408041,2,20,train_only_median_scaled,predicted_direction_logit
3017,0,mkt_vol20,-0.0017373195150867105,0.005579142365604639,6,20,train_only_median_scaled,predicted_direction_logit
3017,1,ret1,-0.01289773266762495,0.030622776597738266,1,20,train_only_median_scaled,predicted_direction_logit
3017,1,ret5,-0.0038494891487061977,0.007813395000994205,5,20,train_only_median_scaled,predicted_direction_logit
3017,1,vol20,0.0012215592432767153,0.003196017351001501,6,20,train_only_median_scaled,predicted_direction_logit
3017,1,volume_z20,0.009076758287847042,0.02915368415415287,2,20,train_only_median_scaled,predicted_direction_logit
3017,1,mkt_ret1,0.006997414864599705,0.028854668140411377,3,20,train_only_median_scaled,predicted_direction_logit
3017,1,mkt_ret5,0.0008355442550964653,0.012639564462006092,4,20,train_only_median_scaled,predicted_direction_logit
3017,1,mkt_vol20,-0.000532916106749326,0.0029815277084708214,7,20,train_only_median_scaled,predicted_direction_logit
3017,2,ret1,0.0024129238445311785,0.014510984532535076,7,20,train_only_median_scaled,predicted_direction_logit
3017,2,ret5,0.014179496094584465,0.01636367291212082,3,20,train_only_median_scaled,predicted_direction_logit
3017,2,vol20,-0.014154529199004173,0.01674964465200901,2,20,train_only_median_scaled,predicted_direction_logit
3017,2,volume_z20,-0.0015354979550465941,0.025798585265874863,1,20,train_only_median_scaled,predicted_direction_logit
3017,2,mkt_ret1,0.008985979482531548,0.01573205552995205,5,20,train_only_median_scaled,predicted_direction_logit
3017,2,mkt_ret5,0.006575530860573053,0.01612226292490959,4,20,train_only_median_scaled,predicted_direction_logit
3017,2,mkt_vol20,0.00434937234967947,0.014797737821936607,6,20,train_only_median_scaled,predicted_direction_logit
3017,3,ret1,-0.006676667369902134,0.007839607074856758,7,20,train_only_median_scaled,predicted_direction_logit
3017,3,ret5,0.012364258989691734,0.021114306524395943,5,20,train_only_median_scaled,predicted_direction_logit
3017,3,vol20,0.06515895575284958,0.06573419272899628,3,20,train_only_median_scaled,predicted_direction_logit
3017,3,volume_z20,-0.012211018241941929,0.015798553824424744,6,20,train_only_median_scaled,predicted_direction_logit
3017,3,mkt_ret1,0.022117219865322113,0.05839196965098381,4,20,train_only_median_scaled,predicted_direction_logit
3017,3,mkt_ret5,0.08277305215597153,0.09790628403425217,1,20,train_only_median_scaled,predicted_direction_logit
3017,3,mkt_vol20,0.08964676409959793,0.08964676409959793,2,20,train_only_median_scaled,predicted_direction_logit
3017,4,ret1,-0.0016859840834513307,0.01490279845893383,3,20,train_only_median_scaled,predicted_direction_logit
3017,4,ret5,0.004501635208725929,0.00905622262507677,6,20,train_only_median_scaled,predicted_direction_logit
3017,4,vol20,-0.017762813717126846,0.017762813717126846,1,20,train_only_median_scaled,predicted_direction_logit
3017,4,volume_z20,-0.004364944063127041,0.013407744467258453,4,20,train_only_median_scaled,predicted_direction_logit
3017,4,mkt_ret1,-0.00017310547991655767,0.009300130419433117,5,20,train_only_median_scaled,predicted_direction_logit
3017,4,mkt_ret5,0.01287987269461155,0.0170133076608181,2,20,train_only_median_scaled,predicted_direction_logit
3017,4,mkt_vol20,0.006964374333620071,0.008938402868807316,7,20,train_only_median_scaled,predicted_direction_logit
3017,5,ret1,-0.014807885512709618,0.019902637228369713,5,20,train_only_median_scaled,predicted_direction_logit
3017,5,ret5,0.030951444059610367,0.0450136736035347,2,20,train_only_median_scaled,predicted_direction_logit
3017,5,vol20,0.006665125489234924,0.00892560463398695,7,20,train_only_median_scaled,predicted_direction_logit
3017,5,volume_z20,0.006996282376348972,0.015265350230038166,6,20,train_only_median_scaled,predicted_direction_logit
3017,5,mkt_ret1,0.01634313352406025,0.024563562124967575,4,20,train_only_median_scaled,predicted_direction_logit
3017,5,mkt_ret5,0.09011410176753998,0.09152241051197052,1,20,train_only_median_scaled,predicted_direction_logit
3017,5,mkt_vol20,0.016737082973122597,0.0339074544608593,3,20,train_only_median_scaled,predicted_direction_logit
3017,6,ret1,0.006175166927278042,0.023501062765717506,5,20,train_only_median_scaled,predicted_direction_logit
3017,6,ret5,0.010091826319694519,0.02224113792181015,6,20,train_only_median_scaled,predicted_direction_logit
3017,6,vol20,-0.023555075749754906,0.030255813151597977,2,20,train_only_median_scaled,predicted_direction_logit
3017,6,volume_z20,0.0029840650968253613,0.006856801453977823,7,20,train_only_median_scaled,predicted_direction_logit
3017,6,mkt_ret1,0.012652072124183178,0.024131523445248604,4,20,train_only_median_scaled,predicted_direction_logit
3017,6,mkt_ret5,0.032408468425273895,0.04436897113919258,1,20,train_only_median_scaled,predicted_direction_logit
3017,6,mkt_vol20,0.01969895139336586,0.024310175329446793,3,20,train_only_median_scaled,predicted_direction_logit
3017,7,ret1,0.008048421703279018,0.03110349178314209,3,20,train_only_median_scaled,predicted_direction_logit
3017,7,ret5,0.024821383878588676,0.025802437216043472,4,20,train_only_median_scaled,predicted_direction_logit
3017,7,vol20,0.03554854542016983,0.0371394082903862,2,20,train_only_median_scaled,predicted_direction_logit
3017,7,volume_z20,-0.006364440079778433,0.014865877106785774,6,20,train_only_median_scaled,predicted_direction_logit
3017,7,mkt_ret1,0.01079888641834259,0.017950255423784256,5,20,train_only_median_scaled,predicted_direction_logit
3017,7,mkt_ret5,0.006318500731140375,0.00887364149093628,7,20,train_only_median_scaled,predicted_direction_logit
3017,7,mkt_vol20,0.07656516879796982,0.08423282206058502,1,20,train_only_median_scaled,predicted_direction_logit
3017,8,ret1,-0.005335398018360138,0.015074719674885273,2,20,train_only_median_scaled,predicted_direction_logit
3017,8,ret5,0.0008682077750563622,0.006805798504501581,5,20,train_only_median_scaled,predicted_direction_logit
3017,8,vol20,-0.000512466358486563,0.0050461506471037865,7,20,train_only_median_scaled,predicted_direction_logit
3017,8,volume_z20,0.0062906197272241116,0.020680546760559082,1,20,train_only_median_scaled,predicted_direction_logit
3017,8,mkt_ret1,0.0009483500616624951,0.010187183506786823,4,20,train_only_median_scaled,predicted_direction_logit
3017,8,mkt_ret5,0.0064858077093958855,0.012368661351501942,3,20,train_only_median_scaled,predicted_direction_logit
3017,8,mkt_vol20,-0.004026954993605614,0.005619917530566454,6,20,train_only_median_scaled,predicted_direction_logit
3189,0,ret1,-0.035049326717853546,0.0707823634147644,3,20,train_only_median_scaled,predicted_direction_logit
3189,0,ret5,0.07804780453443527,0.07888685911893845,2,20,train_only_median_scaled,predicted_direction_logit
3189,0,vol20,0.10396873950958252,0.10761600732803345,1,20,train_only_median_scaled,predicted_direction_logit
3189,0,volume_z20,0.002172807464376092,0.005769237410277128,6,20,train_only_median_scaled,predicted_direction_logit
3189,0,mkt_ret1,-0.008324668742716312,0.010598277673125267,5,20,train_only_median_scaled,predicted_direction_logit
3189,0,mkt_ret5,0.04828715696930885,0.04899633303284645,4,20,train_only_median_scaled,predicted_direction_logit
3189,0,mkt_vol20,0.0011735798325389624,0.0025825430639088154,7,20,train_only_median_scaled,predicted_direction_logit
3189,1,ret1,-0.01007144059985876,0.04592130333185196,1,20,train_only_median_scaled,predicted_direction_logit
3189,1,ret5,-0.0021739699877798557,0.03913924843072891,3,20,train_only_median_scaled,predicted_direction_logit
3189,1,vol20,0.0275750569999218,0.04238840192556381,2,20,train_only_median_scaled,predicted_direction_logit
3189,1,volume_z20,0.0028256312943995,0.00641133775934577,6,20,train_only_median_scaled,predicted_direction_logit
3189,1,mkt_ret1,0.0019580828957259655,0.013704839162528515,5,20,train_only_median_scaled,predicted_direction_logit
3189,1,mkt_ret5,-0.020358635112643242,0.02474779635667801,4,20,train_only_median_scaled,predicted_direction_logit
3189,1,mkt_vol20,-0.0015386445447802544,0.004375431686639786,7,20,train_only_median_scaled,predicted_direction_logit
3189,2,ret1,0.04987839609384537,0.051506154239177704,1,20,train_only_median_scaled,predicted_direction_logit
3189,2,ret5,0.03901059553027153,0.043996602296829224,3,20,train_only_median_scaled,predicted_direction_logit
3189,2,vol20,0.04191570729017258,0.04310504347085953,4,20,train_only_median_scaled,predicted_direction_logit
3189,2,volume_z20,0.023562071844935417,0.023894745856523514,7,20,train_only_median_scaled,predicted_direction_logit
3189,2,mkt_ret1,0.027462521567940712,0.029886599630117416,6,20,train_only_median_scaled,predicted_direction_logit
3189,2,mkt_ret5,-0.034661680459976196,0.047156911343336105,2,20,train_only_median_scaled,predicted_direction_logit
3189,2,mkt_vol20,-0.017600495368242264,0.03308868780732155,5,20,train_only_median_scaled,predicted_direction_logit
3189,3,ret1,-0.01813492923974991,0.02872798964381218,3,20,train_only_median_scaled,predicted_direction_logit
3189,3,ret5,0.0648425966501236,0.07195267826318741,1,20,train_only_median_scaled,predicted_direction_logit
3189,3,vol20,0.006331310607492924,0.018963761627674103,4,20,train_only_median_scaled,predicted_direction_logit
3189,3,volume_z20,-0.009439118206501007,0.013103900477290154,7,20,train_only_median_scaled,predicted_direction_logit
3189,3,mkt_ret1,0.0080634206533432,0.013652590103447437,6,20,train_only_median_scaled,predicted_direction_logit
3189,3,mkt_ret5,0.0003268533037044108,0.014054651372134686,5,20,train_only_median_scaled,predicted_direction_logit
3189,3,mkt_vol20,0.030876656994223595,0.032086364924907684,2,20,train_only_median_scaled,predicted_direction_logit
3189,4,ret1,0.013196284882724285,0.03869680315256119,2,20,train_only_median_scaled,predicted_direction_logit
3189,4,ret5,0.045126259326934814,0.06632427871227264,1,20,train_only_median_scaled,predicted_direction_logit
3189,4,vol20,-0.025902166962623596,0.03355354070663452,3,20,train_only_median_scaled,predicted_direction_logit
3189,4,volume_z20,0.015067227184772491,0.02702469564974308,5,20,train_only_median_scaled,predicted_direction_logit
3189,4,mkt_ret1,0.011596915312111378,0.014919797889888287,6,20,train_only_median_scaled,predicted_direction_logit
3189,4,mkt_ret5,0.005028109066188335,0.03189247474074364,4,20,train_only_median_scaled,predicted_direction_logit
3189,4,mkt_vol20,-0.007937273941934109,0.011111275292932987,7,20,train_only_median_scaled,predicted_direction_logit
3189,5,ret1,0.0039106979966163635,0.02768021821975708,6,20,train_only_median_scaled,predicted_direction_logit
3189,5,ret5,0.02294684201478958,0.03446105495095253,4,20,train_only_median_scaled,predicted_direction_logit
3189,5,vol20,0.03379271179437637,0.07029766589403152,1,20,train_only_median_scaled,predicted_direction_logit
3189,5,volume_z20,0.02050522156059742,0.032760605216026306,5,20,train_only_median_scaled,predicted_direction_logit
3189,5,mkt_ret1,0.008361341431736946,0.022443953901529312,7,20,train_only_median_scaled,predicted_direction_logit
3189,5,mkt_ret5,0.03689638525247574,0.04203256964683533,3,20,train_only_median_scaled,predicted_direction_logit
3189,5,mkt_vol20,0.046166058629751205,0.05285446718335152,2,20,train_only_median_scaled,predicted_direction_logit
3189,6,ret1,0.005291888024657965,0.03344022482633591,4,20,train_only_median_scaled,predicted_direction_logit
3189,6,ret5,0.01851688325405121,0.02765078842639923,5,20,train_only_median_scaled,predicted_direction_logit
3189,6,vol20,-0.020401058718562126,0.05200821906328201,1,20,train_only_median_scaled,predicted_direction_logit
3189,6,volume_z20,0.014897078275680542,0.03647371754050255,3,20,train_only_median_scaled,predicted_direction_logit
3189,6,mkt_ret1,0.001077951630577445,0.02080713026225567,7,20,train_only_median_scaled,predicted_direction_logit
3189,6,mkt_ret5,-0.001076623797416687,0.02671087719500065,6,20,train_only_median_scaled,predicted_direction_logit
3189,6,mkt_vol20,0.038620688021183014,0.040322549641132355,2,20,train_only_median_scaled,predicted_direction_logit
3189,7,ret1,0.02347490005195141,0.030054595321416855,5,20,train_only_median_scaled,predicted_direction_logit
3189,7,ret5,-0.001791508519090712,0.03406771272420883,3,20,train_only_median_scaled,predicted_direction_logit
3189,7,vol20,0.005483237560838461,0.05619489401578903,1,20,train_only_median_scaled,predicted_direction_logit
3189,7,volume_z20,0.0030625886283814907,0.02865029312670231,6,20,train_only_median_scaled,predicted_direction_logit
3189,7,mkt_ret1,0.001564779900945723,0.018550317734479904,7,20,train_only_median_scaled,predicted_direction_logit
3189,7,mkt_ret5,0.024575190618634224,0.033391088247299194,4,20,train_only_median_scaled,predicted_direction_logit
3189,7,mkt_vol20,0.027569860219955444,0.035292334854602814,2,20,train_only_median_scaled,predicted_direction_logit
3189,8,ret1,0.015894079580903053,0.022896824404597282,4,20,train_only_median_scaled,predicted_direction_logit
3189,8,ret5,0.010179085657000542,0.024989841505885124,3,20,train_only_median_scaled,predicted_direction_logit
3189,8,vol20,0.013531453907489777,0.03694557398557663,1,20,train_only_median_scaled,predicted_direction_logit
3189,8,volume_z20,0.011072765104472637,0.026949793100357056,2,20,train_only_median_scaled,predicted_direction_logit
3189,8,mkt_ret1,-0.009921490214765072,0.02197389304637909,5,20,train_only_median_scaled,predicted_direction_logit
3189,8,mkt_ret5,0.0067373476922512054,0.01742006465792656,6,20,train_only_median_scaled,predicted_direction_logit
3189,8,mkt_vol20,0.008960188366472721,0.010593103244900703,7,20,train_only_median_scaled,predicted_direction_logit
3443,0,ret1,0.009066260419785976,0.011362491175532341,4,20,train_only_median_scaled,predicted_direction_logit
3443,0,ret5,-0.00468854047358036,0.010761641897261143,5,20,train_only_median_scaled,predicted_direction_logit
3443,0,vol20,-0.0038611001800745726,0.015050776302814484,3,20,train_only_median_scaled,predicted_direction_logit
3443,0,volume_z20,-0.009526613168418407,0.019360888749361038,2,20,train_only_median_scaled,predicted_direction_logit
3443,0,mkt_ret1,-0.004065169952809811,0.006438591983169317,6,20,train_only_median_scaled,predicted_direction_logit
3443,0,mkt_ret5,0.03586196526885033,0.03615226596593857,1,20,train_only_median_scaled,predicted_direction_logit
3443,0,mkt_vol20,0.001116413390263915,0.001715583959594369,7,20,train_only_median_scaled,predicted_direction_logit
3443,1,ret1,0.011883978731930256,0.056405793875455856,1,20,train_only_median_scaled,predicted_direction_logit
3443,1,ret5,0.019659511744976044,0.03408264368772507,5,20,train_only_median_scaled,predicted_direction_logit
3443,1,vol20,0.026640042662620544,0.04071545600891113,4,20,train_only_median_scaled,predicted_direction_logit
3443,1,volume_z20,0.035952482372522354,0.050683967769145966,2,20,train_only_median_scaled,predicted_direction_logit
3443,1,mkt_ret1,0.001475784694775939,0.014349599368870258,6,20,train_only_median_scaled,predicted_direction_logit
3443,1,mkt_ret5,0.022880300879478455,0.049766913056373596,3,20,train_only_median_scaled,predicted_direction_logit
3443,1,mkt_vol20,0.010337552055716515,0.012237660586833954,7,20,train_only_median_scaled,predicted_direction_logit
3443,2,ret1,0.004038941580802202,0.020821187645196915,6,20,train_only_median_scaled,predicted_direction_logit
3443,2,ret5,0.01647942140698433,0.0808066874742508,2,20,train_only_median_scaled,predicted_direction_logit
3443,2,vol20,0.14624089002609253,0.18229202926158905,1,20,train_only_median_scaled,predicted_direction_logit
3443,2,volume_z20,-0.00160201673861593,0.0351618230342865,5,20,train_only_median_scaled,predicted_direction_logit
3443,2,mkt_ret1,-0.010716384276747704,0.019203415140509605,7,20,train_only_median_scaled,predicted_direction_logit
3443,2,mkt_ret5,-0.013709595426917076,0.04806869477033615,3,20,train_only_median_scaled,predicted_direction_logit
3443,2,mkt_vol20,-0.024858156219124794,0.03775128722190857,4,20,train_only_median_scaled,predicted_direction_logit
3443,3,ret1,0.022905942052602768,0.025711849331855774,5,20,train_only_median_scaled,predicted_direction_logit
3443,3,ret5,0.06309886276721954,0.06669126451015472,1,20,train_only_median_scaled,predicted_direction_logit
3443,3,vol20,-0.04848181828856468,0.04848181828856468,3,20,train_only_median_scaled,predicted_direction_logit
3443,3,volume_z20,0.017020775005221367,0.017529617995023727,6,20,train_only_median_scaled,predicted_direction_logit
3443,3,mkt_ret1,0.004705329891294241,0.008578339591622353,7,20,train_only_median_scaled,predicted_direction_logit
3443,3,mkt_ret5,0.02866823598742485,0.03219226747751236,4,20,train_only_median_scaled,predicted_direction_logit
3443,3,mkt_vol20,0.06616340577602386,0.06616340577602386,2,20,train_only_median_scaled,predicted_direction_logit
3443,4,ret1,0.021712083369493484,0.02219255082309246,5,20,train_only_median_scaled,predicted_direction_logit
3443,4,ret5,0.03477456420660019,0.046633053570985794,3,20,train_only_median_scaled,predicted_direction_logit
3443,4,vol20,0.1380360871553421,0.1380360871553421,1,20,train_only_median_scaled,predicted_direction_logit
3443,4,volume_z20,0.03179033473134041,0.035557761788368225,4,20,train_only_median_scaled,predicted_direction_logit
3443,4,mkt_ret1,0.0014662155881524086,0.014006639830768108,6,20,train_only_median_scaled,predicted_direction_logit
3443,4,mkt_ret5,0.07647699862718582,0.09798033535480499,2,20,train_only_median_scaled,predicted_direction_logit
3443,4,mkt_vol20,9.499676707491744e-06,0.009085187688469887,7,20,train_only_median_scaled,predicted_direction_logit
3443,5,ret1,0.007296340074390173,0.016635281965136528,5,20,train_only_median_scaled,predicted_direction_logit
3443,5,ret5,0.007293386850506067,0.016416922211647034,6,20,train_only_median_scaled,predicted_direction_logit
3443,5,vol20,0.03163178637623787,0.0511486753821373,1,20,train_only_median_scaled,predicted_direction_logit
3443,5,volume_z20,0.018266642466187477,0.03022480383515358,3,20,train_only_median_scaled,predicted_direction_logit
3443,5,mkt_ret1,0.001555194496177137,0.013116240501403809,7,20,train_only_median_scaled,predicted_direction_logit
3443,5,mkt_ret5,0.012162099592387676,0.020918281748890877,4,20,train_only_median_scaled,predicted_direction_logit
3443,5,mkt_vol20,-0.0370626375079155,0.0370626375079155,2,20,train_only_median_scaled,predicted_direction_logit
3443,6,ret1,0.0016639273380860686,0.02807537093758583,2,20,train_only_median_scaled,predicted_direction_logit
3443,6,ret5,-0.0031280226539820433,0.01216935832053423,6,20,train_only_median_scaled,predicted_direction_logit
3443,6,vol20,-0.04620407521724701,0.04620407521724701,1,20,train_only_median_scaled,predicted_direction_logit
3443,6,volume_z20,0.006622746586799622,0.010341138578951359,7,20,train_only_median_scaled,predicted_direction_logit
3443,6,mkt_ret1,-0.009428801946341991,0.01559853833168745,4,20,train_only_median_scaled,predicted_direction_logit
3443,6,mkt_ret5,0.0011600544676184654,0.01364873070269823,5,20,train_only_median_scaled,predicted_direction_logit
3443,6,mkt_vol20,0.00293414737097919,0.02400328777730465,3,20,train_only_median_scaled,predicted_direction_logit
3443,7,ret1,0.03597426787018776,0.03995439410209656,2,20,train_only_median_scaled,predicted_direction_logit
3443,7,ret5,-0.011640175245702267,0.01765495166182518,7,20,train_only_median_scaled,predicted_direction_logit
3443,7,vol20,0.0037971925921738148,0.02007318288087845,4,20,train_only_median_scaled,predicted_direction_logit
3443,7,volume_z20,0.006464959122240543,0.01788635551929474,6,20,train_only_median_scaled,predicted_direction_logit
3443,7,mkt_ret1,0.02353309839963913,0.02428096905350685,3,20,train_only_median_scaled,predicted_direction_logit
3443,7,mkt_ret5,0.014784763567149639,0.018741529434919357,5,20,train_only_median_scaled,predicted_direction_logit
3443,7,mkt_vol20,-0.020875779911875725,0.0466512031853199,1,20,train_only_median_scaled,predicted_direction_logit
3443,8,ret1,0.006250858306884766,0.009090228006243706,4,20,train_only_median_scaled,predicted_direction_logit
3443,8,ret5,0.011987796053290367,0.02032112330198288,2,20,train_only_median_scaled,predicted_direction_logit
3443,8,vol20,0.002274208702147007,0.019963463768363,3,20,train_only_median_scaled,predicted_direction_logit
3443,8,volume_z20,-0.008710198104381561,0.023846814408898354,1,20,train_only_median_scaled,predicted_direction_logit
3443,8,mkt_ret1,0.0009811881463974714,0.0053315600380301476,5,20,train_only_median_scaled,predicted_direction_logit
3443,8,mkt_ret5,0.002299258951097727,0.005209201481193304,6,20,train_only_median_scaled,predicted_direction_logit
3443,8,mkt_vol20,0.0008381271618418396,0.0020286228973418474,7,20,train_only_median_scaled,predicted_direction_logit
