date,code,name,volume,open,high,low,close,source_asset
20211206,6770,力積電,79437560,78.00,78.90,72.10,75.90,yearly_2021.zip
20211207,6770,力積電,45956415,76.00,77.10,73.50,73.60,yearly_2021.zip
20211208,6770,力積電,31867803,74.80,75.00,72.60,72.70,yearly_2021.zip
20211209,6770,力積電,37150136,72.20,72.50,70.90,71.00,yearly_2021.zip
20211210,6770,力積電,31323383,70.40,74.20,69.50,72.70,yearly_2021.zip
20211213,6770,力積電,18881294,72.50,72.60,71.00,71.00,yearly_2021.zip
20211214,6770,力積電,20207571,70.60,70.90,69.50,69.80,yearly_2021.zip
20211215,6770,力積電,11281692,70.00,70.70,69.60,70.20,yearly_2021.zip
20211216,6770,力積電,14453462,71.60,71.70,70.30,70.60,yearly_2021.zip
20211217,6770,力積電,14418197,70.00,70.30,69.70,69.90,yearly_2021.zip
20211220,6770,力積電,12721642,70.00,70.10,69.00,69.30,yearly_2021.zip
20211221,6770,力積電,11394862,69.80,70.80,69.30,70.80,yearly_2021.zip
20211222,6770,力積電,12342990,71.40,71.70,70.80,70.80,yearly_2021.zip
20211223,6770,力積電,9519766,71.40,71.50,70.20,70.30,yearly_2021.zip
20211224,6770,力積電,8174498,70.50,71.00,70.30,70.40,yearly_2021.zip
20211227,6770,力積電,9779103,70.90,71.40,70.80,70.90,yearly_2021.zip
20211228,6770,力積電,12345078,71.40,71.60,71.10,71.40,yearly_2021.zip
20211229,6770,力積電,9131312,71.60,71.90,71.20,71.60,yearly_2021.zip
20211230,6770,力積電,12217366,71.60,71.70,71.20,71.20,yearly_2021.zip
20220103,6770,力積電,16553430,71.20,71.20,69.80,70.00,yearly_2022.zip
20220104,6770,力積電,17214838,70.10,70.20,69.20,69.20,yearly_2022.zip
20220105,6770,力積電,11031875,69.40,70.20,69.00,69.30,yearly_2022.zip
20220106,6770,力積電,14632720,69.00,69.00,68.00,68.50,yearly_2022.zip
20220107,6770,力積電,19045075,68.40,68.90,66.50,67.50,yearly_2022.zip
20220110,6770,力積電,12010804,66.50,67.30,66.00,67.00,yearly_2022.zip
20220111,6770,力積電,9369418,67.40,67.80,66.70,67.00,yearly_2022.zip
20220112,6770,力積電,7253732,67.30,67.50,66.60,66.90,yearly_2022.zip
20220113,6770,力積電,11279436,67.10,68.20,67.10,68.20,yearly_2022.zip
20220114,6770,力積電,8246918,68.40,68.50,67.00,67.30,yearly_2022.zip
20220117,6770,力積電,9174011,68.20,68.30,67.50,68.10,yearly_2022.zip
20220118,6770,力積電,6387489,68.40,68.40,68.00,68.00,yearly_2022.zip
20220119,6770,力積電,6262858,67.00,67.80,66.80,67.80,yearly_2022.zip
20220120,6770,力積電,4590963,67.70,68.00,67.30,67.90,yearly_2022.zip
20220121,6770,力積電,8819495,67.70,67.70,66.50,67.20,yearly_2022.zip
20220124,6770,力積電,9926392,66.70,66.80,65.00,66.20,yearly_2022.zip
20220125,6770,力積電,9939641,66.00,66.30,65.50,65.60,yearly_2022.zip
20220126,6770,力積電,24060235,64.40,65.30,63.80,65.20,yearly_2022.zip
20220207,6770,力積電,21456987,64.70,65.00,62.60,64.50,yearly_2022.zip
20220208,6770,力積電,11840873,64.50,66.30,64.40,66.10,yearly_2022.zip
20220209,6770,力積電,11155090,66.50,66.50,65.30,66.20,yearly_2022.zip
20220210,6770,力積電,13010854,65.60,65.90,64.30,65.00,yearly_2022.zip
20220211,6770,力積電,12525853,64.30,64.40,63.70,63.90,yearly_2022.zip
20220214,6770,力積電,19219584,62.60,62.60,61.50,61.50,yearly_2022.zip
20220215,6770,力積電,19423306,61.30,62.00,60.40,60.40,yearly_2022.zip
20220216,6770,力積電,42572698,61.00,61.40,59.00,59.20,yearly_2022.zip
20220217,6770,力積電,29360984,59.50,59.90,58.10,59.60,yearly_2022.zip
20220218,6770,力積電,11121877,58.90,59.30,58.40,59.20,yearly_2022.zip
20220221,6770,力積電,10295508,59.00,59.00,58.50,58.60,yearly_2022.zip
20220222,6770,力積電,21768907,58.30,58.40,56.50,56.60,yearly_2022.zip
20220223,6770,力積電,15310562,56.10,57.30,56.00,57.10,yearly_2022.zip
20220224,6770,力積電,25821040,56.00,56.10,53.10,53.30,yearly_2022.zip
20220225,6770,力積電,20905992,53.60,54.00,52.30,53.30,yearly_2022.zip
20220301,6770,力積電,20627726,53.60,56.30,53.50,55.90,yearly_2022.zip
20220302,6770,力積電,10403738,54.50,56.00,54.10,56.00,yearly_2022.zip
20220303,6770,力積電,9923382,56.00,56.10,55.00,55.40,yearly_2022.zip
20220304,6770,力積電,10137438,54.70,54.90,53.80,54.00,yearly_2022.zip
20220307,6770,力積電,18611700,53.00,53.10,51.30,52.20,yearly_2022.zip
20220308,6770,力積電,23076287,50.60,51.60,49.70,49.70,yearly_2022.zip
20220309,6770,力積電,12945598,50.10,50.60,49.80,50.20,yearly_2022.zip
20220310,6770,力積電,10879903,51.40,52.00,51.30,51.50,yearly_2022.zip
20220311,6770,力積電,6266901,51.40,51.50,50.80,50.90,yearly_2022.zip
20220314,6770,力積電,7309700,51.00,51.50,50.70,51.40,yearly_2022.zip
20220315,6770,力積電,11952964,51.00,51.10,50.00,50.40,yearly_2022.zip
20220316,6770,力積電,12482184,50.90,51.40,50.20,51.40,yearly_2022.zip
20220317,6770,力積電,14876093,52.90,53.40,52.50,52.90,yearly_2022.zip
20220318,6770,力積電,16790745,53.00,54.20,52.50,54.20,yearly_2022.zip
20220321,6770,力積電,14841802,54.90,55.30,54.00,54.50,yearly_2022.zip
20220322,6770,力積電,8223010,54.60,54.60,53.80,54.20,yearly_2022.zip
20220323,6770,力積電,10236838,54.30,54.70,54.00,54.20,yearly_2022.zip
20220324,6770,力積電,7520064,53.60,54.20,53.30,54.20,yearly_2022.zip
20220325,6770,力積電,9333117,54.50,54.70,54.00,54.10,yearly_2022.zip
20220328,6770,力積電,8889748,53.80,54.00,52.70,53.90,yearly_2022.zip
20220329,6770,力積電,9992716,53.80,53.90,53.10,53.80,yearly_2022.zip
20220330,6770,力積電,12059719,54.00,54.20,53.30,53.70,yearly_2022.zip
20220331,6770,力積電,9703660,53.40,53.60,52.80,53.00,yearly_2022.zip
20220401,6770,力積電,11350157,52.30,52.40,51.70,52.00,yearly_2022.zip
20220406,6770,力積電,28295591,51.80,54.30,51.40,54.30,yearly_2022.zip
20220407,6770,力積電,21811665,54.30,54.90,53.80,54.50,yearly_2022.zip
20220408,6770,力積電,12965516,55.00,55.20,53.70,54.30,yearly_2022.zip
20220411,6770,力積電,11465209,54.50,54.50,52.30,52.30,yearly_2022.zip
20220412,6770,力積電,11523050,52.30,52.50,51.50,51.80,yearly_2022.zip
20220413,6770,力積電,18420961,52.90,53.90,52.40,53.00,yearly_2022.zip
20220414,6770,力積電,13786334,52.80,52.80,51.80,52.00,yearly_2022.zip
20220415,6770,力積電,9374730,51.60,51.70,51.10,51.60,yearly_2022.zip
20220418,6770,力積電,7274878,51.50,51.60,50.90,51.00,yearly_2022.zip
20220419,6770,力積電,9283397,51.40,52.00,51.40,51.80,yearly_2022.zip
20220420,6770,力積電,30789299,52.20,56.00,51.70,54.50,yearly_2022.zip
20220421,6770,力積電,21753102,54.30,54.90,54.00,54.40,yearly_2022.zip
20220422,6770,力積電,23647246,53.40,54.50,52.60,54.40,yearly_2022.zip
20220425,6770,力積電,15332430,53.00,53.60,51.80,51.90,yearly_2022.zip
20220426,6770,力積電,11953247,52.70,52.70,51.60,51.90,yearly_2022.zip
20220427,6770,力積電,16233565,50.50,51.50,50.30,51.10,yearly_2022.zip
20220428,6770,力積電,26810436,51.90,54.20,51.60,52.80,yearly_2022.zip
20220429,6770,力積電,21273370,54.00,54.20,53.10,53.60,yearly_2022.zip
20220503,6770,力積電,12247481,53.50,53.80,52.80,53.00,yearly_2022.zip
20220504,6770,力積電,11117779,53.50,53.70,53.00,53.20,yearly_2022.zip
20220505,6770,力積電,26832914,54.10,55.00,53.80,55.00,yearly_2022.zip
20220506,6770,力積電,21339616,53.60,54.20,53.40,53.80,yearly_2022.zip
20220509,6770,力積電,18232724,53.80,54.20,53.10,54.00,yearly_2022.zip
20220510,6770,力積電,21141402,53.30,53.70,52.70,53.20,yearly_2022.zip
20220511,6770,力積電,26863607,53.60,54.50,53.40,54.40,yearly_2022.zip
20220512,6770,力積電,32250037,54.00,55.50,53.90,54.00,yearly_2022.zip
20220513,6770,力積電,69397240,55.70,57.70,54.70,56.50,yearly_2022.zip
20220516,6770,力積電,42811403,57.40,58.40,57.00,57.50,yearly_2022.zip
20220517,6770,力積電,27327144,58.20,58.30,57.50,57.80,yearly_2022.zip
20220518,6770,力積電,26421117,58.50,59.20,58.10,58.40,yearly_2022.zip
20220519,6770,力積電,31188331,57.00,59.00,56.50,59.00,yearly_2022.zip
20220520,6770,力積電,21064622,59.20,59.40,58.50,58.80,yearly_2022.zip
20220523,6770,力積電,29095479,58.30,59.20,57.10,57.20,yearly_2022.zip
20220524,6770,力積電,20913532,57.50,57.90,56.40,56.60,yearly_2022.zip
20220525,6770,力積電,19303353,56.60,57.60,56.30,56.60,yearly_2022.zip
20220526,6770,力積電,25818658,57.00,57.00,55.20,55.70,yearly_2022.zip
20220527,6770,力積電,21071711,56.20,56.80,56.00,56.50,yearly_2022.zip
20220530,6770,力積電,32330374,57.10,58.50,57.00,58.10,yearly_2022.zip
20220531,6770,力積電,260805462,58.20,58.80,57.70,57.80,yearly_2022.zip
20220601,6770,力積電,19198219,58.00,58.30,57.50,57.80,yearly_2022.zip
20220602,6770,力積電,9839480,57.60,57.60,57.00,57.20,yearly_2022.zip
20220606,6770,力積電,20794969,57.70,57.90,56.30,56.40,yearly_2022.zip
20220607,6770,力積電,24659276,56.20,56.30,54.60,55.70,yearly_2022.zip
20220608,6770,力積電,15280511,55.50,56.10,55.20,55.30,yearly_2022.zip
20220609,6770,力積電,10421045,55.30,56.10,55.10,56.10,yearly_2022.zip
20220610,6770,力積電,7407154,55.50,55.80,55.10,55.80,yearly_2022.zip
20220613,6770,力積電,16493268,55.00,55.00,53.40,53.50,yearly_2022.zip
20220614,6770,力積電,21510959,52.50,52.70,51.70,52.10,yearly_2022.zip
20220615,6770,力積電,19214684,52.40,52.60,51.30,51.40,yearly_2022.zip
20220616,6770,力積電,25439388,52.00,52.20,50.00,50.10,yearly_2022.zip
20220617,6770,力積電,51454447,49.30,50.90,48.80,50.40,yearly_2022.zip
20220620,6770,力積電,32524336,50.30,50.30,47.85,47.85,yearly_2022.zip
20220621,6770,力積電,18240803,48.20,48.80,47.35,48.45,yearly_2022.zip
20220622,6770,力積電,18250867,48.80,48.80,46.35,46.35,yearly_2022.zip
20220623,6770,力積電,39572568,46.35,46.55,42.80,43.50,yearly_2022.zip
20220624,6770,力積電,22439581,43.90,44.00,42.65,43.00,yearly_2022.zip
20220627,6770,力積電,17668918,43.90,44.80,43.55,44.25,yearly_2022.zip
20220628,6770,力積電,18259685,44.30,44.30,42.60,42.80,yearly_2022.zip
20220629,6770,力積電,22171437,41.55,42.15,41.25,41.70,yearly_2022.zip
20220630,6770,力積電,21318508,41.65,41.65,40.05,40.10,yearly_2022.zip
20220701,6770,力積電,28045598,40.05,40.70,37.80,37.85,yearly_2022.zip
20220704,6770,力積電,15285005,38.00,38.85,37.65,38.30,yearly_2022.zip
20220705,6770,力積電,13767223,39.15,39.45,38.05,39.00,yearly_2022.zip
20220706,6770,力積電,17101657,39.10,39.55,38.50,38.95,yearly_2022.zip
20220707,6770,力積電,23882044,39.15,40.95,38.75,40.40,yearly_2022.zip
20220708,6770,力積電,15472378,41.15,41.35,40.30,40.55,yearly_2022.zip
20220711,6770,力積電,10676553,40.65,41.00,39.70,40.10,yearly_2022.zip
20220712,6770,力積電,14580138,39.55,39.60,38.10,38.35,yearly_2022.zip
20220713,6770,力積電,16522201,39.50,39.75,38.65,39.25,yearly_2022.zip
20220714,6770,力積電,17264702,38.55,39.30,38.30,39.00,yearly_2022.zip
20220715,6770,力積電,24638376,39.25,40.50,39.00,40.05,yearly_2022.zip
20220718,6770,力積電,38499705,38.55,39.60,38.05,39.25,yearly_2022.zip
20220719,6770,力積電,26528077,38.00,38.95,37.80,38.75,yearly_2022.zip
20220720,6770,力積電,22468972,39.70,40.15,39.50,39.70,yearly_2022.zip
20220721,6770,力積電,33762437,39.95,42.00,39.90,41.80,yearly_2022.zip
20220722,6770,力積電,27555015,42.30,43.00,41.45,41.75,yearly_2022.zip
20220725,6770,力積電,16389062,40.95,40.95,40.15,40.25,yearly_2022.zip
20220726,6770,力積電,23434722,40.00,40.00,38.60,38.85,yearly_2022.zip
20220727,6770,力積電,12477184,38.60,39.55,38.60,39.45,yearly_2022.zip
20220728,6770,力積電,26933815,40.05,40.20,38.20,38.25,yearly_2022.zip
20220729,6770,力積電,112147375,36.35,36.35,35.10,35.25,yearly_2022.zip
20220801,6770,力積電,37976239,35.35,36.00,35.20,35.65,yearly_2022.zip
20220802,6770,力積電,43632632,35.35,35.40,34.00,34.20,yearly_2022.zip
20220803,6770,力積電,27980681,33.50,34.40,33.50,34.00,yearly_2022.zip
20220804,6770,力積電,26758046,34.15,34.35,33.35,33.80,yearly_2022.zip
20220805,6770,力積電,35472355,34.15,34.45,33.85,34.20,yearly_2022.zip
20220808,6770,力積電,20807457,33.90,34.00,33.55,33.60,yearly_2022.zip
20220809,6770,力積電,20279228,33.45,34.15,33.40,33.90,yearly_2022.zip
20220810,6770,力積電,24966075,33.55,33.60,33.15,33.25,yearly_2022.zip
20220811,6770,力積電,60069832,33.90,34.10,33.70,33.85,yearly_2022.zip
20220812,6770,力積電,61992382,34.05,35.50,33.85,35.35,yearly_2022.zip
20220815,6770,力積電,43066594,35.65,35.90,35.15,35.65,yearly_2022.zip
20220816,6770,力積電,60083837,35.90,36.55,35.40,35.50,yearly_2022.zip
20220817,6770,力積電,49615554,35.55,36.45,35.35,36.30,yearly_2022.zip
20220818,6770,力積電,44005100,36.30,36.40,35.70,35.80,yearly_2022.zip
20220819,6770,力積電,26891062,35.90,36.10,35.55,35.70,yearly_2022.zip
20220822,6770,力積電,27332114,35.50,35.55,35.05,35.05,yearly_2022.zip
20220823,6770,力積電,29749578,34.10,34.45,33.85,33.95,yearly_2022.zip
20220824,6770,力積電,25811348,34.10,34.25,33.40,33.40,yearly_2022.zip
20220825,6770,力積電,29107054,33.65,34.75,33.60,34.25,yearly_2022.zip
20220826,6770,力積電,24227515,34.80,35.30,34.75,34.85,yearly_2022.zip
20220829,6770,力積電,21921284,33.70,34.00,33.55,33.90,yearly_2022.zip
20220830,6770,力積電,14804888,34.00,34.30,33.80,34.00,yearly_2022.zip
20220831,6770,力積電,48111737,33.80,34.45,33.40,34.45,yearly_2022.zip
20220901,6770,力積電,36653208,33.80,33.90,33.30,33.65,yearly_2022.zip
20220902,6770,力積電,22233283,33.65,34.05,33.50,33.55,yearly_2022.zip
20220905,6770,力積電,76310527,33.50,33.70,30.50,30.55,yearly_2022.zip
20220906,6770,力積電,34927583,30.90,31.55,30.60,30.80,yearly_2022.zip
20220907,6770,力積電,28173453,30.60,30.75,29.75,30.10,yearly_2022.zip
20220908,6770,力積電,19749221,30.65,30.90,30.20,30.70,yearly_2022.zip
20220912,6770,力積電,22605414,31.60,31.95,31.35,31.75,yearly_2022.zip
20220913,6770,力積電,29789830,32.25,32.70,31.80,32.00,yearly_2022.zip
20220914,6770,力積電,23914587,30.90,31.60,30.75,31.60,yearly_2022.zip
20220915,6770,力積電,32404972,32.20,32.90,31.95,32.75,yearly_2022.zip
20220916,6770,力積電,154077253,32.30,32.40,31.60,32.15,yearly_2022.zip
20220919,6770,力積電,28816302,32.10,32.40,31.45,31.75,yearly_2022.zip
20220920,6770,力積電,19627459,32.20,32.20,31.50,31.55,yearly_2022.zip
20220921,6770,力積電,20642692,31.60,31.65,31.20,31.30,yearly_2022.zip
20220922,6770,力積電,20150340,30.95,30.95,30.40,30.55,yearly_2022.zip
20220923,6770,力積電,18512339,30.60,31.25,30.55,31.00,yearly_2022.zip
20220926,6770,力積電,29389958,30.55,30.75,29.15,29.30,yearly_2022.zip
20220927,6770,力積電,15225266,29.60,29.90,29.35,29.65,yearly_2022.zip
20220928,6770,力積電,25493532,29.60,29.75,28.35,28.55,yearly_2022.zip
20220929,6770,力積電,64149811,29.10,29.25,26.00,27.80,yearly_2022.zip
20220930,6770,力積電,31674765,27.20,28.65,27.05,28.50,yearly_2022.zip
20221003,6770,力積電,18406881,28.00,28.90,27.70,28.80,yearly_2022.zip
20221004,6770,力積電,19562774,29.55,29.95,29.45,29.85,yearly_2022.zip
20221005,6770,力積電,25004422,30.45,30.95,30.05,30.35,yearly_2022.zip
20221006,6770,力積電,19123081,30.75,30.75,29.90,30.15,yearly_2022.zip
20221007,6770,力積電,11985436,30.00,30.35,29.70,29.95,yearly_2022.zip
20221011,6770,力積電,19283428,28.85,28.90,28.00,28.05,yearly_2022.zip
20221012,6770,力積電,19923128,28.10,28.50,27.65,28.10,yearly_2022.zip
20221013,6770,力積電,19258247,28.20,28.30,26.85,26.95,yearly_2022.zip
20221014,6770,力積電,25445009,28.10,29.30,28.10,29.20,yearly_2022.zip
20221017,6770,力積電,16722374,28.50,29.55,28.00,29.50,yearly_2022.zip
20221018,6770,力積電,14589218,30.00,30.15,29.35,29.90,yearly_2022.zip
20221019,6770,力積電,14074373,30.00,30.30,29.80,29.90,yearly_2022.zip
20221020,6770,力積電,26028318,29.50,31.00,29.40,31.00,yearly_2022.zip
20221021,6770,力積電,27800962,30.65,31.40,30.15,30.20,yearly_2022.zip
20221024,6770,力積電,35884744,31.05,31.95,31.00,31.00,yearly_2022.zip
20221025,6770,力積電,21775848,31.40,31.50,30.25,30.45,yearly_2022.zip
20221026,6770,力積電,14450517,30.35,30.80,30.25,30.45,yearly_2022.zip
20221027,6770,力積電,12827722,30.55,30.95,30.45,30.90,yearly_2022.zip
20221028,6770,力積電,18785622,30.55,30.70,29.70,29.70,yearly_2022.zip
20221031,6770,力積電,18198869,30.35,31.00,30.25,30.80,yearly_2022.zip
20221101,6770,力積電,12290770,30.60,31.15,30.60,30.65,yearly_2022.zip
20221102,6770,力積電,17254952,30.80,31.45,30.65,31.30,yearly_2022.zip
20221103,6770,力積電,16248079,30.85,31.70,30.80,31.45,yearly_2022.zip
20221104,6770,力積電,17354121,31.20,31.85,30.90,31.85,yearly_2022.zip
20221107,6770,力積電,27197977,32.30,32.80,32.20,32.75,yearly_2022.zip
20221108,6770,力積電,26896973,33.00,33.05,31.90,32.00,yearly_2022.zip
20221109,6770,力積電,22995701,32.30,32.80,32.20,32.70,yearly_2022.zip
20221110,6770,力積電,11623551,32.40,32.65,32.20,32.60,yearly_2022.zip
20221111,6770,力積電,37138530,34.50,34.80,33.20,33.30,yearly_2022.zip
20221114,6770,力積電,17244443,33.65,33.95,33.30,33.45,yearly_2022.zip
20221115,6770,力積電,39424309,33.50,34.65,33.30,34.35,yearly_2022.zip
20221116,6770,力積電,27923080,34.65,34.70,33.70,34.05,yearly_2022.zip
20221117,6770,力積電,18922883,33.80,34.15,33.30,34.15,yearly_2022.zip
20221118,6770,力積電,21338676,34.30,34.70,33.50,33.65,yearly_2022.zip
20221121,6770,力積電,13706774,33.75,33.80,32.85,32.85,yearly_2022.zip
20221122,6770,力積電,36154665,31.70,32.15,31.30,31.85,yearly_2022.zip
20221123,6770,力積電,27068458,32.10,33.00,32.10,32.95,yearly_2022.zip
20221124,6770,力積電,16426806,33.20,33.45,32.85,33.30,yearly_2022.zip
20221125,6770,力積電,13759670,33.25,33.45,32.85,32.90,yearly_2022.zip
20221128,6770,力積電,15534157,32.60,32.65,32.20,32.25,yearly_2022.zip
20221129,6770,力積電,14089664,32.25,32.75,31.80,32.60,yearly_2022.zip
20221130,6770,力積電,21139555,32.70,33.30,32.45,33.30,yearly_2022.zip
20221201,6770,力積電,30870389,34.00,34.45,33.70,34.00,yearly_2022.zip
20221202,6770,力積電,28351045,33.80,34.65,33.70,34.60,yearly_2022.zip
20221205,6770,力積電,41113973,34.80,35.65,34.65,35.15,yearly_2022.zip
20221206,6770,力積電,33869409,34.90,34.95,33.80,33.95,yearly_2022.zip
20221207,6770,力積電,19553209,33.75,34.20,33.15,33.35,yearly_2022.zip
20221208,6770,力積電,11883489,33.35,33.45,32.80,33.05,yearly_2022.zip
20221209,6770,力積電,12009287,33.60,33.80,33.25,33.45,yearly_2022.zip
20221212,6770,力積電,25425370,32.65,32.75,32.05,32.20,yearly_2022.zip
20221213,6770,力積電,14088165,32.50,32.75,32.30,32.40,yearly_2022.zip
20221214,6770,力積電,17319651,32.75,33.45,32.65,33.35,yearly_2022.zip
20221215,6770,力積電,13483328,33.10,33.35,32.90,32.95,yearly_2022.zip
20221216,6770,力積電,18209422,32.30,32.85,32.10,32.65,yearly_2022.zip
20221219,6770,力積電,15370984,32.35,33.30,32.30,32.90,yearly_2022.zip
20221220,6770,力積電,21371199,33.05,33.45,32.25,32.30,yearly_2022.zip
20221221,6770,力積電,14061900,32.60,32.90,32.40,32.65,yearly_2022.zip
20221222,6770,力積電,18438384,33.05,33.50,33.00,33.40,yearly_2022.zip
20221223,6770,力積電,10173275,32.90,33.35,32.70,33.30,yearly_2022.zip
20221226,6770,力積電,10813726,33.35,33.40,32.60,32.75,yearly_2022.zip
20221227,6770,力積電,15508686,32.75,33.65,32.75,33.00,yearly_2022.zip
20221228,6770,力積電,17422489,33.05,33.05,32.05,32.15,yearly_2022.zip
20221229,6770,力積電,12696334,31.90,32.10,31.40,32.05,yearly_2022.zip
20221230,6770,力積電,8725926,32.45,32.60,31.85,31.85,yearly_2022.zip
20230103,6770,力積電,13001504,31.85,32.35,31.40,32.35,yearly_2023.zip
20230104,6770,力積電,8080068,32.25,32.70,32.20,32.25,yearly_2023.zip
20230105,6770,力積電,12121132,32.60,32.95,32.50,32.65,yearly_2023.zip
20230106,6770,力積電,24899895,33.00,33.45,32.90,33.45,yearly_2023.zip
20230109,6770,力積電,42328106,34.00,34.05,33.00,33.90,yearly_2023.zip
20230110,6770,力積電,24182365,33.90,34.30,33.70,34.00,yearly_2023.zip
20230111,6770,力積電,21431540,34.00,34.30,33.70,34.30,yearly_2023.zip
20230112,6770,力積電,13975662,34.25,34.30,33.85,33.85,yearly_2023.zip
20230113,6770,力積電,15375182,34.25,34.40,33.60,33.65,yearly_2023.zip
20230116,6770,力積電,32094820,33.65,33.65,32.50,32.55,yearly_2023.zip
20230117,6770,力積電,20209990,32.35,32.40,32.05,32.30,yearly_2023.zip
20230130,6770,力積電,44558421,33.20,33.95,32.85,33.95,yearly_2023.zip
20230131,6770,力積電,28920918,33.90,34.45,33.70,34.30,yearly_2023.zip
20230201,6770,力積電,30830832,34.55,35.10,34.30,35.00,yearly_2023.zip
20230202,6770,力積電,34046855,35.45,35.85,35.20,35.30,yearly_2023.zip
20230203,6770,力積電,25462576,35.30,35.30,34.40,34.50,yearly_2023.zip
20230206,6770,力積電,19410722,34.20,34.30,33.70,33.70,yearly_2023.zip
20230207,6770,力積電,11080507,33.60,34.10,33.60,33.80,yearly_2023.zip
20230208,6770,力積電,20915642,34.20,34.90,34.00,34.60,yearly_2023.zip
20230209,6770,力積電,10810377,34.30,34.55,34.15,34.15,yearly_2023.zip
20230210,6770,力積電,13508053,34.15,34.15,33.70,33.70,yearly_2023.zip
20230213,6770,力積電,13344463,33.60,33.60,33.00,33.15,yearly_2023.zip
20230214,6770,力積電,8967656,33.50,33.70,33.45,33.60,yearly_2023.zip
20230215,6770,力積電,12168731,33.55,33.70,33.10,33.25,yearly_2023.zip
20230216,6770,力積電,9506570,33.30,33.65,33.30,33.50,yearly_2023.zip
20230217,6770,力積電,7658409,33.30,33.45,33.20,33.30,yearly_2023.zip
20230220,6770,力積電,10266416,33.30,33.80,33.30,33.80,yearly_2023.zip
20230221,6770,力積電,9299086,33.95,34.10,33.80,33.90,yearly_2023.zip
20230222,6770,力積電,16952945,33.25,33.40,33.05,33.40,yearly_2023.zip
20230223,6770,力積電,9807546,33.50,33.75,33.50,33.65,yearly_2023.zip
20230224,6770,力積電,12972669,33.80,33.95,33.30,33.30,yearly_2023.zip
20230301,6770,力積電,17306070,33.25,33.30,32.85,33.10,yearly_2023.zip
20230302,6770,力積電,8227336,33.15,33.40,33.00,33.25,yearly_2023.zip
20230303,6770,力積電,13750770,33.40,33.75,33.15,33.60,yearly_2023.zip
20230306,6770,力積電,55219711,34.00,35.25,33.80,34.95,yearly_2023.zip
20230307,6770,力積電,35766473,35.00,35.35,34.75,35.15,yearly_2023.zip
20230308,6770,力積電,25559978,34.85,35.00,34.50,34.95,yearly_2023.zip
20230309,6770,力積電,45729247,35.10,36.20,35.10,35.15,yearly_2023.zip
20230310,6770,力積電,23366687,34.90,34.90,34.30,34.45,yearly_2023.zip
20230313,6770,力積電,17335899,34.05,34.20,33.30,33.80,yearly_2023.zip
20230314,6770,力積電,14734760,33.50,33.60,33.20,33.20,yearly_2023.zip
20230315,6770,力積電,9512301,33.60,33.95,33.25,33.25,yearly_2023.zip
20230316,6770,力積電,8619758,33.15,33.60,33.10,33.35,yearly_2023.zip
20230317,6770,力積電,21052861,33.70,34.60,33.50,34.60,yearly_2023.zip
20230320,6770,力積電,9493587,34.50,34.75,34.10,34.20,yearly_2023.zip
20230321,6770,力積電,8727438,34.50,34.65,34.20,34.20,yearly_2023.zip
20230322,6770,力積電,10256738,34.45,34.60,34.20,34.30,yearly_2023.zip
20230323,6770,力積電,8649327,34.20,34.45,34.10,34.20,yearly_2023.zip
20230324,6770,力積電,11606589,34.30,34.50,34.20,34.40,yearly_2023.zip
20230327,6770,力積電,15367199,34.20,34.25,33.65,33.70,yearly_2023.zip
20230328,6770,力積電,15322272,33.70,33.85,33.05,33.10,yearly_2023.zip
20230329,6770,力積電,13855335,33.15,33.30,32.85,32.95,yearly_2023.zip
20230330,6770,力積電,12350355,33.30,33.30,32.85,32.90,yearly_2023.zip
20230331,6770,力積電,14055017,33.05,33.70,33.05,33.10,yearly_2023.zip
20230406,6770,力積電,15729420,33.10,33.15,32.60,32.60,yearly_2023.zip
20230407,6770,力積電,10400145,32.70,32.80,32.50,32.60,yearly_2023.zip
20230410,6770,力積電,10683393,32.55,32.85,32.50,32.50,yearly_2023.zip
20230411,6770,力積電,24017716,32.60,33.25,32.50,33.25,yearly_2023.zip
20230412,6770,力積電,11956502,33.25,33.35,33.00,33.30,yearly_2023.zip
20230413,6770,力積電,14905008,33.20,33.20,32.80,33.10,yearly_2023.zip
20230414,6770,力積電,11222894,33.30,33.35,32.85,32.90,yearly_2023.zip
20230417,6770,力積電,7240947,32.95,33.05,32.85,32.90,yearly_2023.zip
20230418,6770,力積電,13121889,33.05,33.40,32.90,32.90,yearly_2023.zip
20230419,6770,力積電,29407590,32.75,32.75,32.05,32.10,yearly_2023.zip
20230420,6770,力積電,33495639,32.05,32.05,31.00,31.00,yearly_2023.zip
20230421,6770,力積電,35049722,30.95,30.95,30.05,30.05,yearly_2023.zip
20230424,6770,力積電,28581108,29.85,30.60,29.55,30.60,yearly_2023.zip
20230425,6770,力積電,28742680,30.55,30.60,29.80,30.00,yearly_2023.zip
20230426,6770,力積電,30676357,29.75,29.85,29.10,29.30,yearly_2023.zip
20230427,6770,力積電,24891356,29.35,29.60,29.15,29.55,yearly_2023.zip
20230428,6770,力積電,22730383,29.95,30.10,29.55,29.70,yearly_2023.zip
20230502,6770,力積電,21448536,29.85,30.90,29.75,30.90,yearly_2023.zip
20230503,6770,力積電,9842121,30.80,30.85,30.50,30.50,yearly_2023.zip
20230504,6770,力積電,12285729,30.50,31.20,30.40,31.10,yearly_2023.zip
20230505,6770,力積電,6697948,31.00,31.00,30.60,30.65,yearly_2023.zip
20230508,6770,力積電,8244342,30.90,30.90,30.30,30.30,yearly_2023.zip
20230509,6770,力積電,7271375,30.45,30.55,30.25,30.25,yearly_2023.zip
20230510,6770,力積電,9554162,30.25,30.40,29.85,30.00,yearly_2023.zip
20230511,6770,力積電,7471551,30.10,30.25,29.80,29.80,yearly_2023.zip
20230512,6770,力積電,5558844,29.80,30.00,29.70,29.85,yearly_2023.zip
20230515,6770,力積電,5084038,29.80,29.85,29.50,29.60,yearly_2023.zip
20230516,6770,力積電,10425185,29.90,30.45,29.90,30.25,yearly_2023.zip
20230517,6770,力積電,11591164,30.20,30.70,30.10,30.60,yearly_2023.zip
20230518,6770,力積電,10413165,30.90,30.95,30.50,30.60,yearly_2023.zip
20230519,6770,力積電,11574983,30.70,30.75,30.15,30.25,yearly_2023.zip
20230522,6770,力積電,7435602,30.25,30.35,30.00,30.20,yearly_2023.zip
20230523,6770,力積電,7967312,30.30,30.80,30.25,30.55,yearly_2023.zip
20230524,6770,力積電,5148901,30.45,30.55,30.25,30.55,yearly_2023.zip
20230526,6770,力積電,11700328,30.65,31.00,30.65,30.75,yearly_2023.zip
20230529,6770,力積電,8803015,31.05,31.20,30.75,30.85,yearly_2023.zip
20230530,6770,力積電,15276182,31.00,31.30,30.90,31.10,yearly_2023.zip
20230531,6770,力積電,13942547,31.30,31.30,30.90,30.90,yearly_2023.zip
20230601,6770,力積電,6760259,30.85,30.90,30.60,30.60,yearly_2023.zip
20230602,6770,力積電,10541150,30.80,31.10,30.75,31.10,yearly_2023.zip
20230605,6770,力積電,9636302,31.30,31.40,31.10,31.15,yearly_2023.zip
20230606,6770,力積電,6702765,31.20,31.35,31.00,31.05,yearly_2023.zip
20230607,6770,力積電,14964825,31.20,31.60,31.05,31.55,yearly_2023.zip
20230608,6770,力積電,12102379,31.55,31.60,30.80,30.90,yearly_2023.zip
20230609,6770,力積電,8750673,31.00,31.10,30.80,30.90,yearly_2023.zip
20230612,6770,力積電,10044277,30.95,31.15,30.55,31.05,yearly_2023.zip
20230613,6770,力積電,9990229,31.10,31.40,31.10,31.25,yearly_2023.zip
20230614,6770,力積電,33235374,31.35,32.45,31.35,32.30,yearly_2023.zip
20230615,6770,力積電,29076312,32.50,32.75,32.00,32.70,yearly_2023.zip
20230616,6770,力積電,19472491,33.10,33.10,32.05,32.15,yearly_2023.zip
20230619,6770,力積電,11530391,32.00,32.05,31.65,31.85,yearly_2023.zip
20230620,6770,力積電,11002762,31.80,32.20,31.55,31.90,yearly_2023.zip
20230621,6770,力積電,10157862,31.95,32.10,31.70,31.95,yearly_2023.zip
20230626,6770,力積電,9731945,31.75,31.85,31.35,31.40,yearly_2023.zip
20230627,6770,力積電,11914076,31.40,31.40,30.70,30.70,yearly_2023.zip
20230628,6770,力積電,6447922,30.85,31.05,30.65,30.70,yearly_2023.zip
20230629,6770,力積電,7062951,30.85,31.10,30.70,30.90,yearly_2023.zip
20230630,6770,力積電,7946937,30.75,31.20,30.70,30.95,yearly_2023.zip
20230703,6770,力積電,7970021,31.00,31.35,30.85,30.85,yearly_2023.zip
20230704,6770,力積電,8289722,30.85,31.00,30.70,30.80,yearly_2023.zip
20230705,6770,力積電,15996774,30.90,31.90,30.80,31.50,yearly_2023.zip
20230706,6770,力積電,18867912,31.40,31.40,30.65,30.65,yearly_2023.zip
20230707,6770,力積電,14294538,30.50,30.50,30.05,30.15,yearly_2023.zip
20230710,6770,力積電,12775317,30.05,30.20,29.85,30.00,yearly_2023.zip
20230711,6770,力積電,5877609,30.10,30.35,30.05,30.15,yearly_2023.zip
20230712,6770,力積電,10410830,30.10,30.15,29.80,29.90,yearly_2023.zip
20230713,6770,力積電,11063413,30.10,30.20,29.80,29.80,yearly_2023.zip
20230714,6770,力積電,7542197,30.00,30.25,29.85,30.10,yearly_2023.zip
20230717,6770,力積電,8267740,30.00,30.30,29.95,30.10,yearly_2023.zip
20230718,6770,力積電,18396446,30.20,30.70,30.15,30.50,yearly_2023.zip
20230719,6770,力積電,14628573,30.60,30.65,30.00,30.10,yearly_2023.zip
20230720,6770,力積電,31324056,29.80,29.80,29.05,29.80,yearly_2023.zip
20230721,6770,力積電,16268311,29.30,29.55,29.10,29.55,yearly_2023.zip
20230724,6770,力積電,17909714,29.40,29.60,28.95,29.60,yearly_2023.zip
20230725,6770,力積電,20128925,29.60,30.50,29.25,30.20,yearly_2023.zip
20230726,6770,力積電,11555497,30.15,30.15,29.65,29.70,yearly_2023.zip
20230727,6770,力積電,11001731,29.75,30.15,29.75,30.00,yearly_2023.zip
20230728,6770,力積電,11020432,30.05,30.45,30.00,30.20,yearly_2023.zip
20230731,6770,力積電,14920172,30.25,30.35,29.85,29.95,yearly_2023.zip
20230801,6770,力積電,13273089,30.05,30.20,29.80,30.00,yearly_2023.zip
20230802,6770,力積電,14707585,30.00,30.00,29.35,29.55,yearly_2023.zip
20230804,6770,力積電,7306052,29.50,29.80,29.40,29.50,yearly_2023.zip
20230807,6770,力積電,5667881,29.45,29.75,29.40,29.70,yearly_2023.zip
20230808,6770,力積電,13159514,29.75,29.75,29.10,29.10,yearly_2023.zip
20230809,6770,力積電,6528171,29.05,29.35,29.05,29.20,yearly_2023.zip
20230810,6770,力積電,9527645,29.40,29.40,29.00,29.00,yearly_2023.zip
20230811,6770,力積電,20039248,29.10,29.15,28.30,28.40,yearly_2023.zip
20230814,6770,力積電,20134911,28.30,28.30,27.00,27.95,yearly_2023.zip
20230815,6770,力積電,15409579,28.05,28.05,27.35,27.35,yearly_2023.zip
20230816,6770,力積電,19072418,27.00,27.15,26.40,27.05,yearly_2023.zip
20230817,6770,力積電,19096347,26.55,26.90,26.20,26.85,yearly_2023.zip
20230818,6770,力積電,15451321,26.75,27.45,26.50,27.25,yearly_2023.zip
20230821,6770,力積電,10034084,27.20,27.45,26.90,26.95,yearly_2023.zip
20230822,6770,力積電,11451091,27.05,27.10,26.70,26.80,yearly_2023.zip
20230823,6770,力積電,8234387,26.85,27.45,26.70,27.45,yearly_2023.zip
20230824,6770,力積電,10141251,27.60,27.65,27.30,27.30,yearly_2023.zip
20230825,6770,力積電,7231589,27.10,27.20,26.90,26.90,yearly_2023.zip
20230828,6770,力積電,9927035,26.90,27.90,26.85,27.40,yearly_2023.zip
20230829,6770,力積電,4457331,27.40,27.55,27.15,27.30,yearly_2023.zip
20230830,6770,力積電,8202564,27.55,27.90,27.50,27.85,yearly_2023.zip
20230831,6770,力積電,11403830,27.90,28.30,27.80,27.85,yearly_2023.zip
20230901,6770,力積電,4826884,27.90,28.25,27.90,28.15,yearly_2023.zip
20230904,6770,力積電,5430589,28.15,28.45,27.95,28.20,yearly_2023.zip
20230905,6770,力積電,4460639,28.05,28.15,27.85,28.05,yearly_2023.zip
20230906,6770,力積電,7161084,28.15,28.25,27.80,27.80,yearly_2023.zip
20230907,6770,力積電,7186221,27.70,28.25,27.60,27.80,yearly_2023.zip
20230908,6770,力積電,7334650,27.95,28.05,27.60,27.60,yearly_2023.zip
20230911,6770,力積電,10542396,27.60,27.65,26.90,26.90,yearly_2023.zip
20230912,6770,力積電,13162805,26.95,27.20,26.70,27.15,yearly_2023.zip
20230913,6770,力積電,6346332,27.10,27.65,27.10,27.40,yearly_2023.zip
20230914,6770,力積電,8388433,27.60,28.10,27.60,27.90,yearly_2023.zip
20230915,6770,力積電,12007186,28.20,28.20,27.85,28.10,yearly_2023.zip
20230918,6770,力積電,5671038,27.70,28.05,27.55,27.80,yearly_2023.zip
20230919,6770,力積電,5263971,27.85,28.15,27.75,27.85,yearly_2023.zip
20230920,6770,力積電,7081793,27.85,27.85,27.25,27.25,yearly_2023.zip
20230921,6770,力積電,9854537,27.20,27.35,27.00,27.00,yearly_2023.zip
20230922,6770,力積電,6217479,26.90,27.10,26.75,26.90,yearly_2023.zip
20230925,6770,力積電,5680037,27.10,27.55,27.05,27.30,yearly_2023.zip
20230926,6770,力積電,10018570,27.10,27.15,26.65,26.65,yearly_2023.zip
20230927,6770,力積電,8605042,26.65,26.75,26.35,26.40,yearly_2023.zip
20230928,6770,力積電,4272681,26.60,26.80,26.50,26.55,yearly_2023.zip
20231002,6770,力積電,5791486,26.80,26.90,26.60,26.60,yearly_2023.zip
20231003,6770,力積電,4857160,26.45,26.85,26.40,26.60,yearly_2023.zip
20231004,6770,力積電,11434360,26.35,26.40,26.05,26.10,yearly_2023.zip
20231005,6770,力積電,5396245,26.15,26.50,26.15,26.40,yearly_2023.zip
20231006,6770,力積電,4251780,26.45,26.60,26.35,26.50,yearly_2023.zip
20231011,6770,力積電,16224145,26.85,27.25,26.70,27.05,yearly_2023.zip
20231012,6770,力積電,11210490,27.25,27.60,27.05,27.55,yearly_2023.zip
20231013,6770,力積電,10471451,27.55,27.90,27.30,27.70,yearly_2023.zip
20231016,6770,力積電,23926713,27.80,28.45,27.30,27.35,yearly_2023.zip
20231017,6770,力積電,21431783,27.60,28.35,27.55,27.85,yearly_2023.zip
20231018,6770,力積電,13061769,27.80,27.80,27.35,27.50,yearly_2023.zip
20231019,6770,力積電,10163679,27.35,27.60,27.10,27.35,yearly_2023.zip
20231020,6770,力積電,24800708,27.65,28.30,27.30,27.30,yearly_2023.zip
20231023,6770,力積電,11869236,27.05,27.10,26.65,26.65,yearly_2023.zip
20231024,6770,力積電,9790215,26.55,26.90,26.25,26.85,yearly_2023.zip
20231025,6770,力積電,20642290,26.90,28.15,26.70,27.50,yearly_2023.zip
20231026,6770,力積電,11399649,27.15,27.45,26.80,26.80,yearly_2023.zip
20231027,6770,力積電,6202142,26.90,27.00,26.60,26.65,yearly_2023.zip
20231030,6770,力積電,5866048,26.70,26.85,26.50,26.60,yearly_2023.zip
20231031,6770,力積電,6139869,26.65,26.95,26.50,26.55,yearly_2023.zip
20231101,6770,力積電,13577791,26.90,27.80,26.85,27.20,yearly_2023.zip
20231102,6770,力積電,9222229,27.75,27.80,27.45,27.60,yearly_2023.zip
20231103,6770,力積電,37168632,27.95,28.75,27.60,28.70,yearly_2023.zip
20231106,6770,力積電,25232978,29.00,29.30,28.70,28.75,yearly_2023.zip
20231107,6770,力積電,11910581,28.75,28.85,28.25,28.85,yearly_2023.zip
20231108,6770,力積電,16403442,28.90,28.90,28.20,28.35,yearly_2023.zip
20231109,6770,力積電,8141262,28.40,28.65,28.25,28.45,yearly_2023.zip
20231110,6770,力積電,7809955,28.35,28.35,28.10,28.10,yearly_2023.zip
20231113,6770,力積電,14781955,28.40,28.60,27.70,27.85,yearly_2023.zip
20231114,6770,力積電,11856609,28.15,28.60,28.10,28.35,yearly_2023.zip
20231115,6770,力積電,21389178,28.70,29.00,28.50,28.90,yearly_2023.zip
20231116,6770,力積電,11034997,28.95,29.10,28.70,29.00,yearly_2023.zip
20231117,6770,力積電,11922109,28.95,29.15,28.85,29.05,yearly_2023.zip
20231120,6770,力積電,18772163,29.30,29.70,29.05,29.30,yearly_2023.zip
20231121,6770,力積電,18717455,29.50,29.90,29.35,29.80,yearly_2023.zip
20231122,6770,力積電,13461690,29.55,29.55,29.10,29.20,yearly_2023.zip
20231123,6770,力積電,11248055,29.20,29.70,29.20,29.50,yearly_2023.zip
20231124,6770,力積電,9457828,29.60,29.75,29.50,29.75,yearly_2023.zip
20231127,6770,力積電,9390925,29.75,29.80,29.30,29.40,yearly_2023.zip
20231128,6770,力積電,13414997,29.50,29.90,29.15,29.80,yearly_2023.zip
20231129,6770,力積電,12805758,29.70,30.10,29.70,29.85,yearly_2023.zip
20231130,6770,力積電,18192827,30.00,30.10,29.75,30.10,yearly_2023.zip
20231201,6770,力積電,10597678,30.00,30.05,29.60,29.60,yearly_2023.zip
20231204,6770,力積電,12064965,29.90,29.90,29.40,29.70,yearly_2023.zip
20231205,6770,力積電,8729878,29.55,29.80,29.25,29.40,yearly_2023.zip
20231206,6770,力積電,8558664,29.40,29.45,29.15,29.15,yearly_2023.zip
20231207,6770,力積電,10199322,29.15,29.30,28.70,28.70,yearly_2023.zip
20231208,6770,力積電,5881091,28.80,29.15,28.80,28.80,yearly_2023.zip
20231211,6770,力積電,6168341,28.85,28.90,28.70,28.80,yearly_2023.zip
20231212,6770,力積電,14559605,29.05,29.60,29.00,29.60,yearly_2023.zip
20231213,6770,力積電,32279294,29.65,30.30,29.30,29.90,yearly_2023.zip
20231214,6770,力積電,18879124,30.05,30.10,29.55,29.65,yearly_2023.zip
20231215,6770,力積電,18354350,29.80,30.00,29.65,29.75,yearly_2023.zip
20231218,6770,力積電,16264526,29.90,29.95,29.30,29.40,yearly_2023.zip
20231219,6770,力積電,12762075,29.30,29.50,28.80,28.80,yearly_2023.zip
20231220,6770,力積電,10905613,29.05,29.20,28.90,28.90,yearly_2023.zip
20231221,6770,力積電,9668382,28.75,29.00,28.65,28.75,yearly_2023.zip
20231222,6770,力積電,12249789,28.95,29.60,28.95,29.15,yearly_2023.zip
20231225,6770,力積電,4123116,29.20,29.30,28.90,28.90,yearly_2023.zip
20231226,6770,力積電,5103911,28.90,29.40,28.90,29.25,yearly_2023.zip
20231227,6770,力積電,16084806,29.30,30.00,29.30,29.80,yearly_2023.zip
20231228,6770,力積電,7349874,29.90,29.90,29.55,29.70,yearly_2023.zip
20231229,6770,力積電,6276425,29.80,29.80,29.40,29.45,yearly_2023.zip
20240102,6770,力積電,18991113,29.70,29.75,28.80,28.80,yearly_2024.zip
20240103,6770,力積電,21799821,28.80,28.80,28.10,28.10,yearly_2024.zip
20240104,6770,力積電,8462972,28.10,28.45,28.05,28.25,yearly_2024.zip
20240105,6770,力積電,130444412,29.40,31.05,29.10,30.85,yearly_2024.zip
20240108,6770,力積電,65901191,31.00,31.15,29.90,29.90,yearly_2024.zip
20240109,6770,力積電,25984927,30.10,30.35,29.40,29.45,yearly_2024.zip
20240110,6770,力積電,18929190,29.50,29.65,29.00,29.05,yearly_2024.zip
20240111,6770,力積電,15466437,29.10,29.20,28.75,28.90,yearly_2024.zip
20240112,6770,力積電,17252962,29.10,29.35,28.80,28.95,yearly_2024.zip
20240115,6770,力積電,10883857,29.20,29.30,28.90,28.90,yearly_2024.zip
20240116,6770,力積電,18485390,28.80,28.80,28.30,28.45,yearly_2024.zip
20240117,6770,力積電,30539834,28.35,28.35,27.50,27.55,yearly_2024.zip
20240118,6770,力積電,17102469,27.60,27.75,27.10,27.20,yearly_2024.zip
20240119,6770,力積電,18446947,27.30,27.80,27.20,27.25,yearly_2024.zip
20240122,6770,力積電,21835709,27.50,27.80,27.15,27.45,yearly_2024.zip
20240123,6770,力積電,13123939,27.55,27.90,27.50,27.85,yearly_2024.zip
20240124,6770,力積電,15551246,28.00,28.50,27.80,27.90,yearly_2024.zip
20240125,6770,力積電,12583361,28.20,28.40,27.90,28.05,yearly_2024.zip
20240126,6770,力積電,13978087,27.90,27.95,27.55,27.95,yearly_2024.zip
20240129,6770,力積電,9137263,28.05,28.05,27.65,27.70,yearly_2024.zip
20240130,6770,力積電,17833180,27.85,27.85,27.05,27.05,yearly_2024.zip
20240131,6770,力積電,15809905,27.05,27.25,26.90,27.00,yearly_2024.zip
20240201,6770,力積電,11709036,27.10,27.10,26.85,27.10,yearly_2024.zip
20240202,6770,力積電,20827594,27.20,27.35,26.70,26.70,yearly_2024.zip
20240205,6770,力積電,12026676,26.65,26.95,26.55,26.80,yearly_2024.zip
20240215,6770,力積電,14450354,27.00,27.25,26.70,26.90,yearly_2024.zip
20240216,6770,力積電,12752078,27.00,27.60,27.00,27.30,yearly_2024.zip
20240219,6770,力積電,10711669,27.45,27.80,27.45,27.75,yearly_2024.zip
20240220,6770,力積電,9315698,27.85,27.85,27.35,27.45,yearly_2024.zip
20240221,6770,力積電,8391084,27.30,27.35,27.10,27.15,yearly_2024.zip
20240222,6770,力積電,12471349,27.15,27.35,27.05,27.10,yearly_2024.zip
20240223,6770,力積電,13822954,27.05,27.20,26.75,26.75,yearly_2024.zip
20240226,6770,力積電,10816613,26.70,26.90,26.65,26.70,yearly_2024.zip
20240227,6770,力積電,17018177,26.75,27.20,26.50,26.60,yearly_2024.zip
20240229,6770,力積電,25928101,26.60,27.60,26.25,27.60,yearly_2024.zip
20240301,6770,力積電,17183088,27.25,27.40,26.90,26.90,yearly_2024.zip
20240304,6770,力積電,16185084,26.95,27.05,26.60,26.90,yearly_2024.zip
20240305,6770,力積電,33483674,27.10,27.90,27.00,27.10,yearly_2024.zip
20240306,6770,力積電,12829767,27.10,27.25,26.80,26.80,yearly_2024.zip
20240307,6770,力積電,15002056,26.95,27.05,26.60,26.60,yearly_2024.zip
20240308,6770,力積電,32077374,26.65,27.30,26.65,26.95,yearly_2024.zip
20240311,6770,力積電,10449940,27.05,27.30,26.85,26.95,yearly_2024.zip
20240312,6770,力積電,11978389,26.95,27.15,26.80,27.15,yearly_2024.zip
20240313,6770,力積電,19098754,27.20,27.50,26.60,26.60,yearly_2024.zip
20240314,6770,力積電,10813087,26.65,26.90,26.60,26.60,yearly_2024.zip
20240315,6770,力積電,22241798,26.65,26.70,26.30,26.30,yearly_2024.zip
20240318,6770,力積電,10017105,26.40,26.90,26.40,26.80,yearly_2024.zip
20240319,6770,力積電,11690572,26.80,27.15,26.65,26.95,yearly_2024.zip
20240320,6770,力積電,12263244,26.95,27.20,26.55,26.60,yearly_2024.zip
20240321,6770,力積電,11901640,26.80,27.10,26.70,26.75,yearly_2024.zip
20240322,6770,力積電,9394082,26.75,26.85,26.60,26.60,yearly_2024.zip
20240325,6770,力積電,10866966,26.55,26.60,26.35,26.35,yearly_2024.zip
20240326,6770,力積電,16934757,26.40,26.50,26.05,26.05,yearly_2024.zip
20240327,6770,力積電,22056249,26.05,26.10,25.55,25.70,yearly_2024.zip
20240328,6770,力積電,29474807,25.70,26.00,25.05,25.90,yearly_2024.zip
20240329,6770,力積電,10611238,25.95,26.00,25.65,25.80,yearly_2024.zip
20240401,6770,力積電,10059688,25.95,26.30,25.75,25.95,yearly_2024.zip
20240402,6770,力積電,7985942,26.05,26.10,25.80,25.90,yearly_2024.zip
20240403,6770,力積電,12071941,25.70,25.75,25.40,25.40,yearly_2024.zip
20240408,6770,力積電,14068887,25.30,25.35,25.10,25.20,yearly_2024.zip
20240409,6770,力積電,12021199,25.50,25.95,25.40,25.60,yearly_2024.zip
20240410,6770,力積電,19760939,25.80,26.40,25.70,25.95,yearly_2024.zip
20240411,6770,力積電,12644719,25.85,25.90,25.40,25.40,yearly_2024.zip
20240412,6770,力積電,12890656,25.40,25.45,25.20,25.20,yearly_2024.zip
20240415,6770,力積電,17824305,25.20,25.20,24.90,25.00,yearly_2024.zip
20240416,6770,力積電,26693076,24.80,24.85,24.00,24.15,yearly_2024.zip
20240417,6770,力積電,34846706,24.15,24.20,23.50,23.65,yearly_2024.zip
20240418,6770,力積電,35473179,23.55,23.60,23.00,23.05,yearly_2024.zip
20240419,6770,力積電,43447985,22.75,23.00,21.85,22.20,yearly_2024.zip
20240422,6770,力積電,28100435,22.20,22.45,21.70,21.70,yearly_2024.zip
20240423,6770,力積電,26061263,21.90,22.10,21.70,21.85,yearly_2024.zip
20240424,6770,力積電,31255864,22.10,22.80,22.05,22.60,yearly_2024.zip
20240425,6770,力積電,21757791,22.45,22.45,21.90,21.95,yearly_2024.zip
20240426,6770,力積電,32541668,22.10,22.50,22.10,22.15,yearly_2024.zip
20240429,6770,力積電,31862710,22.40,23.20,22.40,23.20,yearly_2024.zip
20240430,6770,力積電,19911067,23.20,23.50,22.80,22.85,yearly_2024.zip
20240502,6770,力積電,31518262,22.90,23.80,22.85,23.60,yearly_2024.zip
20240503,6770,力積電,95562416,24.20,25.90,24.20,25.35,yearly_2024.zip
20240506,6770,力積電,45471714,25.70,25.90,25.05,25.20,yearly_2024.zip
20240507,6770,力積電,26073976,25.20,25.40,24.60,24.70,yearly_2024.zip
20240508,6770,力積電,20244030,24.75,25.10,24.35,24.70,yearly_2024.zip
20240509,6770,力積電,15855023,25.05,25.20,24.70,24.75,yearly_2024.zip
20240510,6770,力積電,14354210,24.75,24.90,24.15,24.35,yearly_2024.zip
20240513,6770,力積電,15763527,24.35,24.35,23.90,24.10,yearly_2024.zip
20240514,6770,力積電,21925679,24.60,25.25,24.55,24.85,yearly_2024.zip
20240515,6770,力積電,25831992,24.55,24.85,24.30,24.70,yearly_2024.zip
20240516,6770,力積電,80681492,24.90,26.75,24.90,26.45,yearly_2024.zip
20240517,6770,力積電,42453685,26.70,26.75,25.65,25.65,yearly_2024.zip
20240520,6770,力積電,24833460,26.20,26.20,25.25,25.45,yearly_2024.zip
20240521,6770,力積電,12496618,25.45,25.80,25.30,25.55,yearly_2024.zip
20240522,6770,力積電,34810495,25.50,26.70,25.50,26.15,yearly_2024.zip
20240523,6770,力積電,37759821,26.40,26.80,26.10,26.55,yearly_2024.zip
20240524,6770,力積電,31228581,26.10,26.10,25.35,25.65,yearly_2024.zip
20240527,6770,力積電,30149469,25.60,26.30,25.60,25.95,yearly_2024.zip
20240528,6770,力積電,31174189,26.00,26.40,25.60,26.35,yearly_2024.zip
20240529,6770,力積電,19424490,26.35,26.35,25.80,25.80,yearly_2024.zip
20240530,6770,力積電,21555668,25.55,25.90,25.40,25.40,yearly_2024.zip
20240531,6770,力積電,299505430,25.45,26.10,24.65,24.90,yearly_2024.zip
20240603,6770,力積電,24184600,25.25,25.55,24.70,24.75,yearly_2024.zip
20240604,6770,力積電,16929597,24.50,24.65,24.25,24.25,yearly_2024.zip
20240605,6770,力積電,19152584,24.40,24.55,23.90,24.30,yearly_2024.zip
20240606,6770,力積電,13292288,24.45,24.75,24.10,24.15,yearly_2024.zip
20240607,6770,力積電,17743733,24.30,24.90,24.30,24.75,yearly_2024.zip
20240611,6770,力積電,30059333,24.80,25.90,24.80,25.20,yearly_2024.zip
20240612,6770,力積電,21817636,25.30,25.50,24.85,25.25,yearly_2024.zip
20240613,6770,力積電,63422843,26.00,26.75,26.00,26.20,yearly_2024.zip
20240614,6770,力積電,44242010,26.25,26.75,25.95,26.70,yearly_2024.zip
20240617,6770,力積電,93896893,26.85,28.50,26.60,27.80,yearly_2024.zip
20240618,6770,力積電,44208657,28.05,28.15,27.20,27.55,yearly_2024.zip
20240619,6770,力積電,38477436,27.60,27.70,26.65,26.70,yearly_2024.zip
20240620,6770,力積電,49206296,26.80,28.00,26.80,27.60,yearly_2024.zip
20240621,6770,力積電,24765478,27.45,27.80,27.20,27.60,yearly_2024.zip
20240624,6770,力積電,22933506,27.60,27.60,26.75,26.85,yearly_2024.zip
20240625,6770,力積電,14973801,26.90,27.10,26.30,26.55,yearly_2024.zip
20240626,6770,力積電,16511680,26.60,26.75,26.00,26.35,yearly_2024.zip
20240627,6770,力積電,11755778,26.35,26.40,26.00,26.10,yearly_2024.zip
20240628,6770,力積電,16987972,26.30,26.95,26.30,26.80,yearly_2024.zip
20240701,6770,力積電,26183052,27.00,27.60,26.90,27.15,yearly_2024.zip
20240702,6770,力積電,17914732,27.10,27.20,26.70,26.70,yearly_2024.zip
20240703,6770,力積電,11785701,27.00,27.20,26.80,26.90,yearly_2024.zip
20240704,6770,力積電,16631484,27.20,27.40,26.70,26.95,yearly_2024.zip
20240705,6770,力積電,11665887,26.95,27.20,26.65,26.80,yearly_2024.zip
20240708,6770,力積電,16564624,26.90,27.30,26.55,26.75,yearly_2024.zip
20240709,6770,力積電,22350548,26.85,26.85,26.00,26.45,yearly_2024.zip
20240710,6770,力積電,12559565,26.45,26.50,26.05,26.15,yearly_2024.zip
20240711,6770,力積電,15203057,26.50,26.85,26.30,26.65,yearly_2024.zip
20240712,6770,力積電,12198157,26.50,26.90,26.25,26.45,yearly_2024.zip
20240715,6770,力積電,25045070,26.55,26.65,25.70,25.75,yearly_2024.zip
20240716,6770,力積電,15256408,25.90,26.25,25.65,25.65,yearly_2024.zip
20240717,6770,力積電,63369685,24.35,25.30,23.60,24.75,yearly_2024.zip
20240718,6770,力積電,38423833,24.10,24.35,23.80,24.15,yearly_2024.zip
20240719,6770,力積電,24010648,24.20,24.20,23.70,23.70,yearly_2024.zip
20240722,6770,力積電,22775219,23.75,23.75,23.00,23.20,yearly_2024.zip
20240723,6770,力積電,15656780,23.35,23.70,23.25,23.30,yearly_2024.zip
20240726,6770,力積電,14026517,22.80,23.15,22.60,23.15,yearly_2024.zip
20240729,6770,力積電,14275506,23.45,23.55,22.75,22.75,yearly_2024.zip
20240730,6770,力積電,15096393,22.75,23.00,22.30,23.00,yearly_2024.zip
20240731,6770,力積電,8513820,22.75,23.30,22.70,23.00,yearly_2024.zip
20240801,6770,力積電,13498192,23.45,23.80,23.25,23.75,yearly_2024.zip
20240802,6770,力積電,14461486,23.25,23.60,23.00,23.20,yearly_2024.zip
20240805,6770,力積電,43266129,22.60,22.65,20.90,20.95,yearly_2024.zip
20240806,6770,力積電,32077790,21.10,21.40,19.65,20.35,yearly_2024.zip
20240807,6770,力積電,18052037,20.50,21.50,20.50,21.30,yearly_2024.zip
20240808,6770,力積電,10530649,20.65,21.20,20.60,20.85,yearly_2024.zip
20240809,6770,力積電,19266555,21.25,21.85,21.15,21.45,yearly_2024.zip
20240812,6770,力積電,9763402,21.70,22.20,21.65,22.00,yearly_2024.zip
20240813,6770,力積電,9013345,22.20,22.20,21.65,21.85,yearly_2024.zip
20240814,6770,力積電,11312443,22.20,22.55,22.05,22.20,yearly_2024.zip
20240815,6770,力積電,7586631,22.25,22.25,21.85,21.95,yearly_2024.zip
20240816,6770,力積電,9035691,22.35,22.40,22.00,22.05,yearly_2024.zip
20240819,6770,力積電,4840074,21.90,22.15,21.90,22.00,yearly_2024.zip
20240820,6770,力積電,6168646,22.25,22.35,21.95,22.00,yearly_2024.zip
20240821,6770,力積電,8305472,22.00,22.05,21.70,21.75,yearly_2024.zip
20240822,6770,力積電,5778580,21.85,22.10,21.70,21.85,yearly_2024.zip
20240823,6770,力積電,10203327,21.65,21.70,21.25,21.50,yearly_2024.zip
20240826,6770,力積電,9462520,21.60,22.20,21.60,21.85,yearly_2024.zip
20240827,6770,力積電,7616736,21.90,21.90,21.50,21.70,yearly_2024.zip
20240828,6770,力積電,6537929,21.60,21.70,21.45,21.55,yearly_2024.zip
20240829,6770,力積電,6879640,21.35,21.50,21.25,21.50,yearly_2024.zip
20240830,6770,力積電,7924740,21.60,21.75,21.45,21.60,yearly_2024.zip
20240902,6770,力積電,10730730,21.70,21.70,21.15,21.15,yearly_2024.zip
20240903,6770,力積電,12671659,21.20,21.40,20.70,20.70,yearly_2024.zip
20240904,6770,力積電,25292205,19.75,20.05,19.10,19.80,yearly_2024.zip
20240905,6770,力積電,21891981,20.60,21.10,20.30,20.35,yearly_2024.zip
20240906,6770,力積電,15459472,20.65,20.95,20.20,20.30,yearly_2024.zip
20240909,6770,力積電,13967633,19.60,20.10,19.55,20.00,yearly_2024.zip
20240910,6770,力積電,9759196,20.10,20.15,19.60,19.65,yearly_2024.zip
20240911,6770,力積電,9332992,19.80,20.20,19.80,20.00,yearly_2024.zip
20240912,6770,力積電,9305166,20.70,20.70,20.30,20.35,yearly_2024.zip
20240913,6770,力積電,5095779,20.35,20.55,20.30,20.50,yearly_2024.zip
20240916,6770,力積電,7348546,20.60,20.80,20.55,20.80,yearly_2024.zip
20240918,6770,力積電,8155648,20.95,20.95,20.45,20.50,yearly_2024.zip
20240919,6770,力積電,7917782,20.45,20.75,20.30,20.60,yearly_2024.zip
20240920,6770,力積電,11042283,20.85,21.05,20.70,20.70,yearly_2024.zip
20240923,6770,力積電,6727302,20.90,20.95,20.70,20.80,yearly_2024.zip
20240924,6770,力積電,5557674,20.85,20.85,20.60,20.85,yearly_2024.zip
20240925,6770,力積電,16338994,21.05,21.60,21.00,21.35,yearly_2024.zip
20240926,6770,力積電,8345635,21.55,21.65,21.10,21.15,yearly_2024.zip
20240927,6770,力積電,29409144,21.70,22.20,21.65,22.00,yearly_2024.zip
20240930,6770,力積電,12624305,21.80,21.80,21.30,21.60,yearly_2024.zip
20241001,6770,力積電,16240731,21.50,21.50,20.85,20.90,yearly_2024.zip
20241004,6770,力積電,13892942,20.80,20.85,20.30,20.60,yearly_2024.zip
20241007,6770,力積電,8749820,20.65,20.80,20.45,20.70,yearly_2024.zip
20241008,6770,力積電,10801654,20.65,20.70,20.25,20.55,yearly_2024.zip
20241009,6770,力積電,8511957,20.60,20.70,20.10,20.10,yearly_2024.zip
20241011,6770,力積電,5280022,20.30,20.30,20.10,20.15,yearly_2024.zip
20241014,6770,力積電,5498881,20.15,20.20,20.00,20.15,yearly_2024.zip
20241015,6770,力積電,6798807,20.15,20.35,20.15,20.25,yearly_2024.zip
20241016,6770,力積電,14120120,20.05,20.05,19.75,19.85,yearly_2024.zip
20241017,6770,力積電,10867930,19.90,20.40,19.90,20.30,yearly_2024.zip
20241018,6770,力積電,11260228,20.40,20.40,19.90,19.90,yearly_2024.zip
20241021,6770,力積電,8080809,19.95,20.10,19.85,20.05,yearly_2024.zip
20241022,6770,力積電,7223552,20.05,20.20,19.85,20.05,yearly_2024.zip
20241023,6770,力積電,25623247,20.35,20.75,20.00,20.00,yearly_2024.zip
20241024,6770,力積電,15042861,20.05,20.10,19.70,19.70,yearly_2024.zip
20241025,6770,力積電,21715657,19.70,19.80,19.20,19.30,yearly_2024.zip
20241028,6770,力積電,31050359,19.25,19.35,18.75,19.00,yearly_2024.zip
20241029,6770,力積電,16182857,18.90,18.95,18.50,18.55,yearly_2024.zip
20241030,6770,力積電,24767835,18.65,18.75,18.00,18.00,yearly_2024.zip
20241101,6770,力積電,20800560,17.55,18.40,17.35,18.40,yearly_2024.zip
20241104,6770,力積電,15412039,18.40,18.80,18.20,18.35,yearly_2024.zip
20241105,6770,力積電,10102508,18.35,18.45,18.05,18.05,yearly_2024.zip
20241106,6770,力積電,11718786,18.15,18.50,18.00,18.30,yearly_2024.zip
20241107,6770,力積電,14839953,18.25,19.20,18.15,19.00,yearly_2024.zip
20241108,6770,力積電,10300059,19.10,19.15,18.65,18.70,yearly_2024.zip
20241111,6770,力積電,11850798,18.70,18.70,18.15,18.20,yearly_2024.zip
20241112,6770,力積電,16076333,18.00,18.20,17.80,17.80,yearly_2024.zip
20241113,6770,力積電,10488458,17.80,18.05,17.60,17.80,yearly_2024.zip
20241114,6770,力積電,13661523,17.80,17.90,17.45,17.45,yearly_2024.zip
20241115,6770,力積電,7475316,17.50,18.05,17.50,17.90,yearly_2024.zip
20241118,6770,力積電,8291634,18.00,18.20,17.90,18.15,yearly_2024.zip
20241119,6770,力積電,7402084,18.15,18.30,17.90,18.05,yearly_2024.zip
20241120,6770,力積電,8612861,18.05,18.15,17.70,17.70,yearly_2024.zip
20241121,6770,力積電,10571845,17.70,17.85,17.60,17.75,yearly_2024.zip
20241122,6770,力積電,16593126,17.70,17.85,17.60,17.60,yearly_2024.zip
20241125,6770,力積電,16944810,17.75,17.90,17.45,17.60,yearly_2024.zip
20241126,6770,力積電,16227494,17.65,18.10,17.45,17.95,yearly_2024.zip
20241127,6770,力積電,22571491,17.95,18.00,17.15,17.15,yearly_2024.zip
20241128,6770,力積電,26813425,17.20,17.30,16.40,16.60,yearly_2024.zip
20241129,6770,力積電,14839903,16.70,17.00,16.65,16.95,yearly_2024.zip
20241202,6770,力積電,12255305,17.10,17.20,16.65,16.65,yearly_2024.zip
20241203,6770,力積電,11440492,16.85,17.05,16.70,16.85,yearly_2024.zip
20241204,6770,力積電,9026677,16.95,17.10,16.80,17.10,yearly_2024.zip
20241205,6770,力積電,8899754,17.05,17.10,16.70,16.70,yearly_2024.zip
20241206,6770,力積電,9555446,16.75,17.10,16.65,16.80,yearly_2024.zip
20241209,6770,力積電,10825445,16.85,17.00,16.50,16.65,yearly_2024.zip
20241210,6770,力積電,8607051,16.70,17.20,16.65,16.70,yearly_2024.zip
20241211,6770,力積電,34456127,16.70,16.70,15.75,15.75,yearly_2024.zip
20241212,6770,力積電,20615045,15.90,16.35,15.50,15.55,yearly_2024.zip
20241213,6770,力積電,33812395,15.60,15.60,15.00,15.05,yearly_2024.zip
20241216,6770,力積電,23585344,15.25,15.55,14.95,15.05,yearly_2024.zip
20241217,6770,力積電,16756681,15.20,15.45,15.05,15.10,yearly_2024.zip
20241218,6770,力積電,24594071,15.15,15.90,15.00,15.65,yearly_2024.zip
20241219,6770,力積電,24061128,15.40,16.20,15.30,15.75,yearly_2024.zip
20241220,6770,力積電,17981173,15.60,15.75,15.30,15.30,yearly_2024.zip
20241223,6770,力積電,20472639,15.50,16.00,15.50,15.90,yearly_2024.zip
20241224,6770,力積電,46016831,16.30,17.30,16.25,16.75,yearly_2024.zip
20241225,6770,力積電,22309051,17.00,17.15,16.45,16.60,yearly_2024.zip
20241226,6770,力積電,9937206,16.70,16.80,16.45,16.50,yearly_2024.zip
20241227,6770,力積電,13411211,16.55,16.55,16.10,16.55,yearly_2024.zip
20241230,6770,力積電,10082830,16.45,16.45,16.00,16.00,yearly_2024.zip
20241231,6770,力積電,10495050,15.90,16.00,15.65,15.90,yearly_2024.zip
20250102,6770,力積電,10265203,15.85,16.10,15.65,15.70,yearly_2025.zip
20250103,6770,力積電,9856123,15.80,16.20,15.60,15.60,yearly_2025.zip
20250106,6770,力積電,13013564,15.80,16.10,15.65,15.85,yearly_2025.zip
20250107,6770,力積電,20483942,16.00,16.20,15.15,15.20,yearly_2025.zip
20250108,6770,力積電,8427400,15.20,15.30,15.05,15.15,yearly_2025.zip
20250109,6770,力積電,28827485,15.10,15.15,14.25,14.30,yearly_2025.zip
20250110,6770,力積電,10512371,14.30,14.60,14.20,14.20,yearly_2025.zip
20250113,6770,力積電,25797589,14.10,14.15,13.50,13.65,yearly_2025.zip
20250114,6770,力積電,13672619,13.85,14.20,13.80,14.10,yearly_2025.zip
20250115,6770,力積電,9148164,14.10,14.40,13.90,14.30,yearly_2025.zip
20250116,6770,力積電,10020765,14.50,14.60,14.35,14.45,yearly_2025.zip
20250117,6770,力積電,25485817,14.45,15.30,14.30,15.00,yearly_2025.zip
20250120,6770,力積電,17148618,16.50,16.50,16.50,16.50,yearly_2025.zip
20250121,6770,力積電,22396856,18.15,18.15,18.15,18.15,yearly_2025.zip
20250122,6770,力積電,83176681,19.95,19.95,19.50,19.95,yearly_2025.zip
20250203,6770,力積電,190140299,19.50,20.70,19.20,20.70,yearly_2025.zip
20250204,6770,力積電,114708343,20.25,20.25,18.65,18.65,yearly_2025.zip
20250205,6770,力積電,53651568,18.80,19.00,18.30,18.55,yearly_2025.zip
20250207,6770,力積電,46085161,18.10,18.15,17.50,17.60,yearly_2025.zip
20250210,6770,力積電,47529422,17.30,17.40,16.75,16.85,yearly_2025.zip
20250211,6770,力積電,67853516,17.25,18.25,17.10,17.55,yearly_2025.zip
20250212,6770,力積電,31647361,17.55,17.65,17.20,17.20,yearly_2025.zip
20250213,6770,力積電,73853418,17.45,18.70,17.30,18.15,yearly_2025.zip
20250214,6770,力積電,56873378,17.75,18.55,17.60,18.35,yearly_2025.zip
20250217,6770,力積電,48835974,18.35,18.85,18.00,18.45,yearly_2025.zip
20250218,6770,力積電,26205474,18.45,18.70,18.25,18.45,yearly_2025.zip
20250219,6770,力積電,45924681,18.40,19.10,18.40,18.90,yearly_2025.zip
20250220,6770,力積電,35148279,19.00,19.15,18.40,18.45,yearly_2025.zip
20250221,6770,力積電,22285312,18.35,18.80,18.35,18.65,yearly_2025.zip
20250224,6770,力積電,17302542,18.55,18.85,18.40,18.70,yearly_2025.zip
20250225,6770,力積電,34861968,18.50,19.05,18.40,19.00,yearly_2025.zip
20250226,6770,力積電,27505770,18.85,18.95,18.50,18.50,yearly_2025.zip
20250227,6770,力積電,20065934,18.50,18.75,18.20,18.35,yearly_2025.zip
20250303,6770,力積電,23294496,18.10,18.10,17.60,17.60,yearly_2025.zip
20250304,6770,力積電,15674131,17.20,18.00,17.15,18.00,yearly_2025.zip
20250305,6770,力積電,19073049,17.95,18.60,17.85,18.60,yearly_2025.zip
20250306,6770,力積電,17081790,18.75,18.80,18.05,18.05,yearly_2025.zip
20250307,6770,力積電,13450934,18.00,18.35,17.90,17.95,yearly_2025.zip
20250310,6770,力積電,31038072,18.05,18.95,18.05,18.60,yearly_2025.zip
20250311,6770,力積電,29403015,18.20,18.20,17.65,18.05,yearly_2025.zip
20250312,6770,力積電,29990721,18.05,18.60,17.80,18.30,yearly_2025.zip
20250313,6770,力積電,22753648,18.40,18.50,17.70,17.70,yearly_2025.zip
20250314,6770,力積電,18690090,17.75,18.20,17.55,18.00,yearly_2025.zip
20250317,6770,力積電,14498294,18.20,18.35,17.85,17.95,yearly_2025.zip
20250318,6770,力積電,12140700,18.05,18.25,17.80,17.95,yearly_2025.zip
20250319,6770,力積電,13149613,18.00,18.25,17.80,17.80,yearly_2025.zip
20250320,6770,力積電,14056961,17.95,18.35,17.95,18.15,yearly_2025.zip
20250321,6770,力積電,18093370,18.20,18.20,17.75,17.85,yearly_2025.zip
20250324,6770,力積電,9792739,17.90,18.00,17.60,17.60,yearly_2025.zip
20250325,6770,力積電,14594575,17.75,17.95,17.20,17.20,yearly_2025.zip
20250326,6770,力積電,6964288,17.30,17.55,17.20,17.20,yearly_2025.zip
20250327,6770,力積電,12684620,17.05,17.40,16.80,17.10,yearly_2025.zip
20250328,6770,力積電,16644564,17.00,17.10,16.35,16.35,yearly_2025.zip
20250331,6770,力積電,26359250,15.80,15.85,15.15,15.20,yearly_2025.zip
20250401,6770,力積電,15973426,15.50,15.90,15.40,15.70,yearly_2025.zip
20250402,6770,力積電,13663656,15.70,16.00,15.40,15.85,yearly_2025.zip
20250407,6770,力積電,5712387,14.30,14.30,14.30,14.30,yearly_2025.zip
20250408,6770,力積電,41168839,13.10,13.70,12.90,13.25,yearly_2025.zip
20250409,6770,力積電,40647949,13.10,13.15,11.95,11.95,yearly_2025.zip
20250410,6770,力積電,5038707,13.10,13.10,13.10,13.10,yearly_2025.zip
20250411,6770,力積電,22279088,13.00,13.65,12.30,13.65,yearly_2025.zip
20250414,6770,力積電,26001723,14.00,14.70,13.95,14.20,yearly_2025.zip
20250415,6770,力積電,12059758,14.35,14.50,14.15,14.45,yearly_2025.zip
20250416,6770,力積電,17186096,14.25,14.30,14.00,14.10,yearly_2025.zip
20250417,6770,力積電,9924271,14.00,14.25,13.85,14.10,yearly_2025.zip
20250418,6770,力積電,7579420,14.15,14.40,14.10,14.10,yearly_2025.zip
20250421,6770,力積電,6587557,14.20,14.25,13.80,13.80,yearly_2025.zip
20250422,6770,力積電,8210328,13.70,13.95,13.35,13.70,yearly_2025.zip
20250423,6770,力積電,17546236,14.15,14.55,14.10,14.40,yearly_2025.zip
20250424,6770,力積電,9717104,14.50,14.55,14.00,14.00,yearly_2025.zip
20250425,6770,力積電,10872602,14.30,14.35,13.95,14.00,yearly_2025.zip
20250428,6770,力積電,7653121,14.05,14.20,13.90,14.15,yearly_2025.zip
20250429,6770,力積電,13567135,14.40,14.50,14.10,14.40,yearly_2025.zip
20250430,6770,力積電,10018189,14.40,14.45,14.15,14.15,yearly_2025.zip
20250502,6770,力積電,8399830,14.35,14.40,14.20,14.25,yearly_2025.zip
20250505,6770,力積電,13987254,14.40,14.65,13.80,14.10,yearly_2025.zip
20250506,6770,力積電,5197943,14.20,14.20,14.00,14.10,yearly_2025.zip
20250507,6770,力積電,5756512,14.25,14.35,14.05,14.10,yearly_2025.zip
20250508,6770,力積電,7716967,14.20,14.45,14.15,14.15,yearly_2025.zip
20250509,6770,力積電,12227068,14.25,14.50,14.15,14.50,yearly_2025.zip
20250512,6770,力積電,18341654,14.70,15.30,14.60,15.25,yearly_2025.zip
20250513,6770,力積電,32900444,15.95,16.30,15.75,16.00,yearly_2025.zip
20250514,6770,力積電,18258839,16.05,16.20,15.70,16.00,yearly_2025.zip
20250515,6770,力積電,13942725,16.05,16.10,15.55,15.65,yearly_2025.zip
20250516,6770,力積電,13792391,15.60,15.60,15.30,15.30,yearly_2025.zip
20250519,6770,力積電,10288972,15.25,15.65,15.10,15.30,yearly_2025.zip
20250520,6770,力積電,13634578,15.50,15.75,15.40,15.55,yearly_2025.zip
20250521,6770,力積電,8036229,15.55,15.75,15.40,15.70,yearly_2025.zip
20250522,6770,力積電,8588527,15.50,15.60,15.30,15.60,yearly_2025.zip
20250523,6770,力積電,7955100,15.60,15.65,15.45,15.45,yearly_2025.zip
20250526,6770,力積電,7671980,15.55,15.60,15.35,15.45,yearly_2025.zip
20250527,6770,力積電,13746014,15.55,15.80,15.40,15.55,yearly_2025.zip
20250528,6770,力積電,17800593,15.70,16.10,15.35,15.40,yearly_2025.zip
20250529,6770,力積電,12510408,15.65,15.80,15.40,15.50,yearly_2025.zip
20250602,6770,力積電,14526068,15.50,15.50,14.75,14.75,yearly_2025.zip
20250603,6770,力積電,8709474,15.00,15.15,14.60,14.60,yearly_2025.zip
20250604,6770,力積電,10682230,14.75,15.20,14.75,14.90,yearly_2025.zip
20250605,6770,力積電,10059778,14.90,15.35,14.80,15.05,yearly_2025.zip
20250606,6770,力積電,16650736,15.00,15.75,14.90,15.55,yearly_2025.zip
20250609,6770,力積電,12265858,15.65,15.75,15.30,15.65,yearly_2025.zip
20250610,6770,力積電,13102421,15.70,16.05,15.65,15.80,yearly_2025.zip
20250611,6770,力積電,11261877,15.85,15.90,15.60,15.65,yearly_2025.zip
20250612,6770,力積電,11335305,15.65,15.85,15.55,15.80,yearly_2025.zip
20250613,6770,力積電,18485913,15.60,15.65,15.00,15.00,yearly_2025.zip
20250616,6770,力積電,8070363,15.00,15.15,14.80,14.90,yearly_2025.zip
20250617,6770,力積電,9531064,15.10,15.40,14.95,15.00,yearly_2025.zip
20250618,6770,力積電,21863527,15.00,16.00,14.95,15.95,yearly_2025.zip
20250619,6770,力積電,34636022,16.15,16.15,15.30,15.40,yearly_2025.zip
20250620,6770,力積電,21293630,15.35,15.55,14.75,15.00,yearly_2025.zip
20250623,6770,力積電,11790846,14.65,14.95,14.50,14.90,yearly_2025.zip
20250624,6770,力積電,15503712,15.15,15.50,15.10,15.40,yearly_2025.zip
20250625,6770,力積電,11450404,15.60,15.60,15.30,15.40,yearly_2025.zip
20250626,6770,力積電,15114744,15.50,15.90,15.40,15.40,yearly_2025.zip
20250627,6770,力積電,8993203,15.55,15.75,15.35,15.45,yearly_2025.zip
20250630,6770,力積電,7862855,15.45,15.55,15.30,15.40,yearly_2025.zip
20250701,6770,力積電,8548031,15.40,15.60,15.35,15.50,yearly_2025.zip
20250702,6770,力積電,27204569,15.60,16.05,15.30,16.05,yearly_2025.zip
20250703,6770,力積電,99255086,17.20,17.65,16.30,17.65,yearly_2025.zip
20250704,6770,力積電,206015674,17.80,18.60,17.40,17.65,yearly_2025.zip
20250707,6770,力積電,49693713,17.50,17.50,16.80,17.30,yearly_2025.zip
20250708,6770,力積電,46555982,17.20,17.20,16.25,16.25,yearly_2025.zip
20250709,6770,力積電,30313845,16.25,16.35,15.85,15.95,yearly_2025.zip
20250710,6770,力積電,19567599,16.00,16.15,15.60,15.60,yearly_2025.zip
20250711,6770,力積電,22721505,15.70,16.20,15.65,16.15,yearly_2025.zip
20250714,6770,力積電,13647353,16.25,16.35,15.90,16.20,yearly_2025.zip
20250715,6770,力積電,9673864,16.10,16.40,16.10,16.30,yearly_2025.zip
20250716,6770,力積電,11204061,16.20,16.40,16.20,16.25,yearly_2025.zip
20250717,6770,力積電,18698631,16.25,16.75,16.15,16.65,yearly_2025.zip
20250718,6770,力積電,16691906,16.80,16.95,16.50,16.65,yearly_2025.zip
20250721,6770,力積電,21052848,16.60,17.10,16.35,16.85,yearly_2025.zip
20250722,6770,力積電,55455873,17.20,17.30,16.10,16.25,yearly_2025.zip
20250723,6770,力積電,41659580,15.80,15.80,15.45,15.70,yearly_2025.zip
20250724,6770,力積電,29756383,15.65,15.70,15.20,15.25,yearly_2025.zip
20250725,6770,力積電,15312006,15.25,15.60,15.20,15.30,yearly_2025.zip
20250728,6770,力積電,16377474,15.25,15.35,15.05,15.15,yearly_2025.zip
20250729,6770,力積電,18889853,15.15,15.30,14.90,14.90,yearly_2025.zip
20250730,6770,力積電,22192466,14.90,15.50,14.80,15.35,yearly_2025.zip
20250731,6770,力積電,13978246,15.30,15.35,15.00,15.00,yearly_2025.zip
20250801,6770,力積電,12302378,14.80,15.25,14.65,15.25,yearly_2025.zip
20250804,6770,力積電,24325554,14.85,15.00,14.70,14.95,yearly_2025.zip
20250805,6770,力積電,16284982,15.00,15.60,15.00,15.30,yearly_2025.zip
20250806,6770,力積電,12524983,15.30,15.30,14.95,15.05,yearly_2025.zip
20250807,6770,力積電,12264942,15.10,15.20,14.85,14.85,yearly_2025.zip
20250808,6770,力積電,15406611,14.80,15.25,14.80,14.90,yearly_2025.zip
20250811,6770,力積電,10182339,14.95,15.05,14.75,15.00,yearly_2025.zip
20250812,6770,力積電,13523023,15.00,15.40,15.00,15.30,yearly_2025.zip
20250813,6770,力積電,16756833,15.40,15.70,15.25,15.30,yearly_2025.zip
20250814,6770,力積電,17598535,15.30,15.70,15.30,15.60,yearly_2025.zip
20250815,6770,力積電,12628189,15.70,15.70,15.40,15.60,yearly_2025.zip
20250818,6770,力積電,19004833,15.65,15.90,15.55,15.90,yearly_2025.zip
20250819,6770,力積電,13939064,16.00,16.25,15.70,15.90,yearly_2025.zip
20250820,6770,力積電,13145177,15.90,15.90,15.35,15.45,yearly_2025.zip
20250821,6770,力積電,13533401,15.50,16.00,15.50,15.90,yearly_2025.zip
20250822,6770,力積電,8199786,15.90,15.95,15.60,15.70,yearly_2025.zip
20250825,6770,力積電,14110976,15.95,16.20,15.80,15.80,yearly_2025.zip
20250826,6770,力積電,8063411,15.75,15.90,15.70,15.80,yearly_2025.zip
20250827,6770,力積電,12712227,15.95,16.15,15.80,15.85,yearly_2025.zip
20250828,6770,力積電,11201897,15.95,16.10,15.85,16.05,yearly_2025.zip
20250829,6770,力積電,16472548,16.15,16.50,15.90,15.90,yearly_2025.zip
20250901,6770,力積電,8642048,15.90,15.95,15.65,15.75,yearly_2025.zip
20250902,6770,力積電,10566333,15.85,16.05,15.35,15.40,yearly_2025.zip
20250903,6770,力積電,9065626,15.45,15.70,15.30,15.35,yearly_2025.zip
20250904,6770,力積電,10902508,15.50,15.90,15.45,15.70,yearly_2025.zip
20250905,6770,力積電,18322440,15.80,16.20,15.75,16.05,yearly_2025.zip
20250908,6770,力積電,50800717,16.25,16.95,16.25,16.55,yearly_2025.zip
20250909,6770,力積電,15531911,16.55,16.70,16.25,16.50,yearly_2025.zip
20250910,6770,力積電,24495267,16.65,16.90,16.30,16.70,yearly_2025.zip
20250911,6770,力積電,46594823,16.80,17.40,16.60,17.20,yearly_2025.zip
20250912,6770,力積電,201622206,17.50,18.90,17.45,17.95,yearly_2025.zip
20250915,6770,力積電,54123964,18.10,18.25,17.60,17.85,yearly_2025.zip
20250916,6770,力積電,75708624,17.85,18.90,17.60,18.55,yearly_2025.zip
20250917,6770,力積電,163960094,18.60,20.40,18.60,20.40,yearly_2025.zip
20250918,6770,力積電,325493680,21.25,22.40,20.95,22.40,yearly_2025.zip
20250919,6770,力積電,314213408,22.80,23.15,22.00,22.10,yearly_2025.zip
20250922,6770,力積電,137319084,22.05,22.60,21.15,21.35,yearly_2025.zip
20250923,6770,力積電,259556236,21.65,23.45,21.65,23.45,yearly_2025.zip
20250924,6770,力積電,362241550,23.70,24.70,22.90,23.85,yearly_2025.zip
20250925,6770,力積電,122208828,23.00,24.00,22.95,23.10,yearly_2025.zip
20250926,6770,力積電,121113225,22.75,23.50,22.20,23.10,yearly_2025.zip
20250930,6770,力積電,152664035,25.35,25.40,24.95,25.40,yearly_2025.zip
20251001,6770,力積電,404766975,25.40,27.90,25.20,27.90,yearly_2025.zip
20251002,6770,力積電,439718290,30.10,30.10,27.40,27.70,yearly_2025.zip
20251003,6770,力積電,253574999,27.50,28.40,26.85,27.20,yearly_2025.zip
20251007,6770,力積電,366193981,27.80,29.90,27.65,29.90,yearly_2025.zip
20251008,6770,力積電,384462583,29.10,31.35,28.55,31.00,yearly_2025.zip
20251009,6770,力積電,329804510,31.50,32.00,30.20,30.30,yearly_2025.zip
20251013,6770,力積電,205759888,27.55,29.30,27.45,29.25,yearly_2025.zip
20251014,6770,力積電,294354305,30.60,31.00,27.30,27.30,yearly_2025.zip
20251015,6770,力積電,138777196,28.35,28.45,27.40,27.80,yearly_2025.zip
20251016,6770,力積電,292728145,28.50,30.25,28.45,28.80,yearly_2025.zip
20251017,6770,力積電,250893662,28.50,30.75,28.30,29.50,yearly_2025.zip
20251020,6770,力積電,246606181,30.50,31.30,29.45,30.30,yearly_2025.zip
20251021,6770,力積電,182443230,30.45,30.75,29.45,30.70,yearly_2025.zip
20251022,6770,力積電,277459776,28.50,29.20,28.00,28.00,yearly_2025.zip
20251023,6770,力積電,186811585,27.40,28.90,27.35,28.65,yearly_2025.zip
20251027,6770,力積電,347845869,30.50,31.50,30.50,31.50,yearly_2025.zip
20251028,6770,力積電,588996015,32.15,33.60,31.50,31.95,yearly_2025.zip
20251029,6770,力積電,388352347,32.00,33.40,30.55,32.25,yearly_2025.zip
20251030,6770,力積電,407145447,32.90,34.10,32.40,33.05,yearly_2025.zip
20251031,6770,力積電,197455702,32.95,33.00,31.50,31.50,yearly_2025.zip
20251103,6770,力積電,235952795,31.85,32.45,30.10,30.10,yearly_2025.zip
20251104,6770,力積電,177475714,30.30,30.65,29.00,29.05,yearly_2025.zip
20251105,6770,力積電,176872426,28.00,30.15,27.90,29.95,yearly_2025.zip
20251106,6770,力積電,209909996,30.65,31.50,30.15,31.25,yearly_2025.zip
20251107,6770,力積電,121062501,30.80,31.35,30.20,30.55,yearly_2025.zip
20251110,6770,力積電,233705451,30.95,32.10,30.00,31.55,yearly_2025.zip
20251111,6770,力積電,529164465,31.85,34.40,31.50,33.20,yearly_2025.zip
20251112,6770,力積電,499495620,33.45,36.50,32.75,36.50,yearly_2025.zip
20251113,6770,力積電,617710393,36.90,37.75,34.80,35.65,yearly_2025.zip
20251114,6770,力積電,248325964,33.80,35.30,33.00,34.15,yearly_2025.zip
20251117,6770,力積電,265534847,35.85,36.65,34.20,35.00,yearly_2025.zip
20251118,6770,力積電,467809288,34.80,37.00,34.55,35.90,yearly_2025.zip
20251119,6770,力積電,519343046,35.50,38.45,34.95,35.35,yearly_2025.zip
20251120,6770,力積電,497717420,36.85,37.55,33.45,35.40,yearly_2025.zip
20251121,6770,力積電,271984541,33.50,34.25,32.00,33.00,yearly_2025.zip
20251124,6770,力積電,217048963,33.70,34.30,32.00,32.10,yearly_2025.zip
20251125,6770,力積電,174398006,33.60,34.20,33.00,33.30,yearly_2025.zip
20251126,6770,力積電,230260670,33.75,33.75,31.00,31.65,yearly_2025.zip
20251127,6770,力積電,136640285,32.25,33.30,32.25,33.15,yearly_2025.zip
20251128,6770,力積電,208217839,33.30,34.90,32.80,34.10,yearly_2025.zip
20251201,6770,力積電,164700403,34.50,35.00,33.10,34.00,yearly_2025.zip
20251202,6770,力積電,214310269,34.40,34.50,32.75,32.80,yearly_2025.zip
20251203,6770,力積電,123097768,33.00,33.35,32.05,32.10,yearly_2025.zip
20251204,6770,力積電,101699922,32.20,32.50,31.45,32.30,yearly_2025.zip
20251205,6770,力積電,109410515,32.15,33.10,31.70,32.90,yearly_2025.zip
20251208,6770,力積電,251293364,33.35,34.75,33.25,34.15,yearly_2025.zip
20251209,6770,力積電,261044778,34.65,35.50,34.30,35.30,yearly_2025.zip
20251210,6770,力積電,259847330,35.80,36.50,34.20,34.70,yearly_2025.zip
20251211,6770,力積電,149124741,35.20,35.50,33.80,33.80,yearly_2025.zip
20251212,6770,力積電,222708400,34.00,35.80,34.00,35.10,yearly_2025.zip
20251215,6770,力積電,127423185,34.30,35.25,33.10,34.95,yearly_2025.zip
20251216,6770,力積電,123835171,34.70,34.70,33.20,33.80,yearly_2025.zip
20251217,6770,力積電,156274375,34.10,35.00,33.30,34.80,yearly_2025.zip
20251218,6770,力積電,221716222,34.75,35.90,34.70,35.50,yearly_2025.zip
20251219,6770,力積電,336341381,36.65,37.35,35.20,36.80,yearly_2025.zip
20251222,6770,力積電,477376736,38.80,40.45,38.75,40.45,yearly_2025.zip
20251223,6770,力積電,539300263,41.95,42.20,38.80,39.00,yearly_2025.zip
20251224,6770,力積電,261731116,39.35,40.40,38.50,40.40,yearly_2025.zip
20251226,6770,力積電,314496918,41.55,42.20,40.00,40.05,yearly_2025.zip
20251229,6770,力積電,155446006,40.45,40.65,39.20,39.65,yearly_2025.zip
20251230,6770,力積電,210185132,39.70,41.10,39.50,40.25,yearly_2025.zip
20251231,6770,力積電,194157015,40.80,41.30,39.55,39.55,yearly_2025.zip
20260102,6770,力積電,352857727,39.85,42.20,39.30,42.10,weekly_2026_W01.zip
20260105,6770,力積電,389177520,43.60,44.70,42.60,43.45,weekly_2026_W02.zip
20260106,6770,力積電,447327296,43.50,47.75,43.10,47.75,weekly_2026_W02.zip
20260107,6770,力積電,535325591,50.00,50.50,48.00,49.20,weekly_2026_W02.zip
20260108,6770,力積電,310713584,48.60,50.20,47.30,49.65,weekly_2026_W02.zip
20260109,6770,力積電,101242544,48.00,49.45,44.70,47.50,weekly_2026_W02.zip
20260112,6770,力積電,70940203,49.00,50.00,48.00,49.80,weekly_2026_W03.zip
20260113,6770,力積電,73960843,51.00,51.00,48.00,50.70,weekly_2026_W03.zip
20260114,6770,力積電,46510142,50.70,51.30,50.10,50.60,weekly_2026_W03.zip
20260115,6770,力積電,54236143,51.00,51.30,49.85,51.30,weekly_2026_W03.zip
20260116,6770,力積電,110873464,53.00,56.40,52.50,56.40,weekly_2026_W03.zip
20260119,6770,力積電,24159520,62.00,62.00,62.00,62.00,weekly_2026_W04.zip
20260120,6770,力積電,195267350,58.50,68.20,58.50,68.20,weekly_2026_W04.zip
20260121,6770,力積電,182416278,67.00,68.50,61.60,62.60,weekly_2026_W04.zip
20260122,6770,力積電,102573491,66.10,66.20,62.70,63.60,weekly_2026_W04.zip
20260123,6770,力積電,335348044,64.80,64.80,58.20,58.50,weekly_2026_W04.zip
20260126,6770,力積電,316571827,58.50,63.70,58.50,60.60,weekly_2026_W05.zip
20260127,6770,力積電,265557670,60.60,62.10,57.70,59.50,weekly_2026_W05.zip
20260128,6770,力積電,361651007,61.70,65.40,61.70,65.40,weekly_2026_W05.zip
20260129,6770,力積電,592076349,67.00,69.50,63.30,65.10,weekly_2026_W05.zip
20260130,6770,力積電,502280824,65.10,70.70,65.10,69.50,weekly_2026_W05.zip
20260202,6770,力積電,282567486,66.30,66.90,62.60,62.60,weekly_2026_W06.zip
20260203,6770,力積電,308535252,66.00,67.40,57.90,59.70,weekly_2026_W06.zip
20260204,6770,力積電,223557376,60.00,65.60,59.90,65.60,weekly_2026_W06.zip
20260205,6770,力積電,203499311,63.00,64.70,61.50,62.80,weekly_2026_W06.zip
20260206,6770,力積電,340736299,62.70,66.30,60.00,63.50,weekly_2026_W06.zip
20260209,6770,力積電,294168948,67.80,68.50,63.70,63.80,weekly_2026_W07.zip
20260210,6770,力積電,192703938,64.30,65.90,62.60,64.30,weekly_2026_W07.zip
20260211,6770,力積電,214396111,63.00,65.50,62.80,63.10,weekly_2026_W07.zip
20260223,6770,力積電,257714887,65.80,68.90,65.30,67.00,weekly_2026_W09.zip
20260224,6770,力積電,337047858,67.90,73.70,66.10,73.70,weekly_2026_W09.zip
20260225,6770,力積電,487502723,74.70,77.00,72.60,76.80,weekly_2026_W09.zip
20260226,6770,力積電,322304137,76.80,78.90,75.40,76.70,weekly_2026_W09.zip
20260302,6770,力積電,248095174,71.40,77.80,71.40,74.80,weekly_2026_W10.zip
20260303,6770,力積電,373534446,76.20,77.00,67.40,68.20,weekly_2026_W10.zip
20260304,6770,力積電,210778981,63.20,65.40,61.40,61.40,weekly_2026_W10.zip
20260305,6770,力積電,211842643,66.40,67.40,63.40,64.40,weekly_2026_W10.zip
20260306,6770,力積電,144135138,63.90,66.30,63.30,64.30,weekly_2026_W10.zip
20260309,6770,力積電,135415285,58.00,59.40,57.90,59.40,weekly_2026_W11.zip
20260310,6770,力積電,140297005,63.80,64.20,60.50,62.20,weekly_2026_W11.zip
20260311,6770,力積電,169992993,64.00,67.50,63.50,66.30,weekly_2026_W11.zip
20260312,6770,力積電,171086491,66.60,66.80,63.10,63.10,weekly_2026_W11.zip
20260313,6770,力積電,135963192,62.00,64.80,61.90,64.30,weekly_2026_W11.zip
20260316,6770,力積電,254597003,65.70,67.40,65.10,65.20,weekly_2026_W12.zip
20260317,6770,力積電,393355372,67.10,71.70,66.80,71.70,weekly_2026_W12.zip
20260318,6770,力積電,404267429,76.00,76.20,70.70,71.90,weekly_2026_W12.zip
20260319,6770,力積電,513362980,70.10,77.80,68.60,75.00,weekly_2026_W12.zip
20260320,6770,力積電,529033042,77.10,78.00,71.70,75.50,weekly_2026_W12.zip
20260323,6770,力積電,243486481,71.00,72.30,68.60,69.10,weekly_2026_W13.zip
20260324,6770,力積電,369690172,71.30,71.40,62.50,62.70,weekly_2026_W13.zip
20260325,6770,力積電,278832681,64.10,66.20,62.10,65.00,weekly_2026_W13.zip
20260326,6770,力積電,289190595,65.30,67.50,62.80,62.80,weekly_2026_W13.zip
20260327,6770,力積電,222663654,60.50,61.20,57.10,59.20,weekly_2026_W13.zip
20260330,6770,力積電,206031533,57.50,60.10,57.00,58.10,weekly_2026_W14.zip
20260331,6770,力積電,207091698,55.00,55.70,52.40,53.10,weekly_2026_W14.zip
20260401,6770,力積電,148151777,57.00,57.00,54.30,54.90,weekly_2026_W14.zip
20260402,6770,力積電,155762985,56.50,57.20,53.50,53.50,weekly_2026_W14.zip
20260407,6770,力積電,96302858,55.00,55.40,52.70,54.00,weekly_2026_W15.zip
20260408,6770,力積電,115253686,55.90,57.90,55.80,57.60,weekly_2026_W15.zip
20260409,6770,力積電,134072246,58.00,58.00,53.80,54.00,weekly_2026_W15.zip
20260410,6770,力積電,134034940,54.90,57.00,54.10,55.40,weekly_2026_W15.zip
20260413,6770,力積電,101937555,55.40,55.50,53.60,54.50,weekly_2026_W16.zip
20260414,6770,力積電,109787192,55.50,56.40,54.50,54.60,weekly_2026_W16.zip
20260415,6770,力積電,101747295,55.80,56.20,53.10,53.20,weekly_2026_W16.zip
20260416,6770,力積電,85975346,53.30,54.30,52.40,54.00,weekly_2026_W16.zip
20260417,6770,力積電,87074889,53.60,54.30,52.50,52.60,weekly_2026_W16.zip
20260420,6770,力積電,99368654,52.70,52.90,51.00,51.40,weekly_2026_W17.zip
20260421,6770,力積電,109355837,52.50,54.30,52.50,54.00,weekly_2026_W17.zip
20260422,6770,力積電,219996918,56.00,58.50,54.90,57.00,weekly_2026_W17.zip
20260423,6770,力積電,209440294,58.90,59.10,52.00,52.90,weekly_2026_W17.zip
20260424,6770,力積電,81283272,53.80,53.80,51.60,52.90,weekly_2026_W17.zip
20260427,6770,力積電,145171547,53.30,56.20,53.00,54.50,weekly_2026_W18.zip
20260428,6770,力積電,101666278,55.20,55.70,54.20,55.00,weekly_2026_W18.zip
20260429,6770,力積電,63666631,54.80,55.20,53.50,53.50,weekly_2026_W18.zip
20260430,6770,力積電,94428431,53.90,54.00,51.80,51.90,weekly_2026_W18.zip
20260504,6770,力積電,97020345,52.70,53.50,51.60,53.10,weekly_2026_W19.zip
20260505,6770,力積電,106346121,53.40,55.50,52.90,55.40,weekly_2026_W19.zip
20260506,6770,力積電,255770836,58.80,59.80,56.30,58.10,weekly_2026_W19.zip
20260507,6770,力積電,312338758,60.50,63.90,58.00,63.90,weekly_2026_W19.zip
20260508,6770,力積電,442180347,65.00,66.50,60.10,61.40,weekly_2026_W19.zip
20260511,6770,力積電,283121477,64.90,66.00,62.50,62.50,weekly_2026_W20.zip
20260512,6770,力積電,170376997,63.00,63.30,60.40,62.10,weekly_2026_W20.zip
20260513,6770,力積電,118112300,60.70,60.80,59.00,60.50,weekly_2026_W20.zip
20260514,6770,力積電,196451270,61.80,63.40,60.80,62.20,weekly_2026_W20.zip
20260515,6770,力積電,356822147,63.00,67.00,62.30,62.80,weekly_2026_W20.zip
20260518,6770,力積電,127532182,62.00,63.10,59.20,62.00,weekly_2026_W21.zip
20260519,6770,力積電,143820864,61.50,62.30,58.10,58.50,weekly_2026_W21.zip
20260520,6770,力積電,84341651,58.70,59.40,56.60,57.80,weekly_2026_W21.zip
20260521,6770,力積電,96108084,59.30,61.20,58.90,59.10,weekly_2026_W21.zip
20260522,6770,力積電,218295235,60.30,64.80,60.20,63.80,weekly_2026_W21.zip
20260525,6770,力積電,321963402,65.00,68.20,62.30,67.60,weekly_2026_W22.zip
20260526,6770,力積電,354361201,69.90,73.60,68.00,70.80,weekly_2026_W22.zip
20260527,6770,力積電,414941224,75.90,77.00,72.60,74.80,weekly_2026_W22.zip
20260529,6770,力積電,829646406,85.40,88.70,78.80,88.70,weekly_2026_W22.zip
20260601,6770,力積電,770941542,93.20,94.50,87.00,87.00,weekly_2026_W23.zip
20260602,6770,力積電,106203381,87.00,88.60,83.70,85.90,weekly_2026_W23.zip
20260603,6770,力積電,64659229,88.00,88.00,84.10,84.60,weekly_2026_W23.zip
20260604,6770,力積電,73514423,82.90,83.40,80.20,81.00,weekly_2026_W23.zip
20260605,6770,力積電,112133197,77.00,77.00,73.00,74.60,weekly_2026_W23.zip
20260608,6770,力積電,104480847,67.20,68.30,67.20,67.50,weekly_2026_W24.zip
20260609,6770,力積電,57680845,70.40,71.50,69.90,71.50,weekly_2026_W24.zip
20260610,6770,力積電,132801225,67.00,67.80,64.40,64.40,weekly_2026_W24.zip
20260611,6770,力積電,70706900,62.60,65.10,62.10,64.40,weekly_2026_W24.zip
20260612,6770,力積電,65105100,68.00,68.00,67.00,67.20,weekly_2026_W24.zip
20260615,6770,力積電,87139878,69.60,73.90,69.60,73.30,weekly_2026_W25.zip
20260616,6770,力積電,291491338,75.00,77.60,71.00,71.00,weekly_2026_W25.zip
20260617,6770,力積電,187705638,70.10,72.50,69.40,70.20,weekly_2026_W25.zip
20260618,6770,力積電,245700060,71.50,75.30,70.70,74.20,weekly_2026_W25.zip
20260622,6770,力積電,133236652,79.50,81.60,78.50,81.60,weekly_2026_W26.zip
20260623,6770,力積電,504938034,82.80,86.10,78.30,78.60,weekly_2026_W26.zip
20260624,6770,力積電,476043030,78.00,85.70,77.20,85.70,weekly_2026_W26.zip
20260625,6770,力積電,479667659,89.30,89.30,82.80,83.20,weekly_2026_W26.zip
20260626,6770,力積電,332913359,83.20,85.20,78.10,78.30,weekly_2026_W26.zip
20260629,6770,力積電,220163758,79.90,82.30,77.60,78.90,weekly_2026_W27.zip
20260630,6770,力積電,197058093,79.90,80.40,77.80,79.70,weekly_2026_W27.zip
20260701,6770,力積電,264774867,80.20,80.50,72.70,74.30,weekly_2026_W27.zip
20260702,6770,力積電,155504558,70.40,75.80,70.30,74.70,weekly_2026_W27.zip
20260703,6770,力積電,101737426,73.30,75.10,72.10,73.40,weekly_2026_W27.zip
20260706,6770,力積電,153798168,74.20,77.40,72.50,72.60,weekly_2026_W28.zip
20260707,6770,力積電,161281480,73.00,74.30,69.70,70.10,weekly_2026_W28.zip
20260708,6770,力積電,139718171,70.80,71.50,67.10,71.20,weekly_2026_W28.zip
20260709,6770,力積電,156986667,71.50,74.30,70.90,71.10,weekly_2026_W28.zip
20260713,6770,力積電,117782988,72.40,73.00,68.10,69.00,weekly_2026_W29.zip
20260714,6770,力積電,175281346,69.00,70.40,63.40,69.20,weekly_2026_W29.zip
20260715,6770,力積電,197628288,74.00,76.10,73.80,76.10,weekly_2026_W29.zip
20260716,6770,力積電,446262954,74.90,79.50,74.80,76.50,weekly_2026_W29.zip
20260717,6770,力積電,273270140,72.40,73.40,68.90,68.90,weekly_2026_W29.zip
20260720,6770,力積電,179760556,68.30,68.30,62.20,63.00,weekly_2026_W30.zip
20260721,6770,力積電,126328180,64.00,65.10,63.00,65.10,weekly_2026_W30.zip
20260722,6770,力積電,169362718,67.80,69.60,67.10,67.90,weekly_2026_W30.zip
20260723,6770,力積電,117399235,68.10,68.50,64.30,66.00,weekly_2026_W30.zip
20260724,6770,力積電,152851625,64.10,64.40,61.50,61.60,weekly_2026_W30.zip
20260727,6770,力積電,104654052,61.60,62.10,59.00,61.90,weekly_2026_W31.zip
20260728,6770,力積電,113517037,57.50,58.10,55.80,55.80,weekly_2026_W31.zip
20260729,6770,力積電,158698474,55.10,55.20,50.30,50.40,weekly_2026_W31.zip
20260730,6770,力積電,192111911,48.00,54.70,48.00,49.55,weekly_2026_W31.zip
20260731,6770,力積電,25422284,54.50,54.50,54.50,54.50,weekly_2026_W31.zip
20260803,6770,力積電,207280186,54.00,56.60,53.90,54.70,weekly_2026_W32.zip
20260804,6770,力積電,186379339,55.00,60.10,54.40,60.10,weekly_2026_W32.zip
20260805,6770,力積電,240808216,63.40,66.10,62.20,66.10,weekly_2026_W32.zip
20260806,6770,力積電,444029387,66.40,68.50,65.00,66.60,weekly_2026_W32.zip
20260807,6770,力積電,218297117,67.50,68.40,65.00,65.50,weekly_2026_W32.zip
20260810,6770,力積電,231526872,66.60,69.40,66.60,67.60,weekly_2026_W33.zip
20260811,6770,力積電,110831134,66.40,67.50,65.30,67.00,weekly_2026_W33.zip
20260812,6770,力積電,428615022,68.00,73.70,67.90,73.70,weekly_2026_W33.zip
20260813,6770,力積電,471309109,75.00,77.40,72.70,74.90,weekly_2026_W33.zip
20260814,6770,力積電,527933484,76.60,81.80,76.30,78.40,weekly_2026_W33.zip
20260817,6770,力積電,259955163,79.90,79.90,74.20,74.60,weekly_2026_W34.zip
