snapshot_date,year,horizon,top_years,top_distances,analog_pred_return,analog_prob_up,seasonal_pred_return,seasonal_prob_up,momentum_pred_return,actual_return,analog_correct,seasonal_correct,momentum_correct,analog_abs_error,seasonal_abs_error,zero_abs_error,analog_brier,seasonal_brier
2008-04-30,2008,20,2006|2007|2005,1.2755|1.4661|1.7535,-0.007409737192292092,0.3349516933574823,-0.004997528422011362,0.3333333333333333,0.06411323896752719,-0.025039123630672955,1,1,0,0.017629386438380863,0.020041595208661594,0.025039123630672955,0.11219263688304486,0.1111111111111111
2008-04-30,2008,60,2006|2007|2005,1.2755|1.4661|1.7535,0.05421575092395552,0.6149986384705088,0.06285933340810083,0.6666666666666666,0.13297872340425543,-0.14475743348982784,0,0,0,0.19897318441378337,0.20761676689792868,0.14475743348982784,0.3782233253205796,0.4444444444444444
2008-05-30,2008,20,2006|2007|2005,1.1067|1.4674|1.7254,0.030120821967090965,0.5825560495476383,0.038071519382939435,0.6666666666666666,-0.031152647975077885,-0.11173633440514474,0,0,1,0.1418571563722357,0.14980785378808417,0.11173633440514474,0.3393715508645504,0.4444444444444444
2008-05-30,2008,60,2006|2007|2005,1.1067|1.4674|1.7254,0.039401206914193354,1.0,0.04400647293820703,1.0,0.021346469622331776,-0.13665594855305463,0,0,0,0.17605715546724798,0.18066242149126166,0.13665594855305463,1.0,1.0
2008-06-30,2008,20,2006|2005|2007,1.1839|1.7372|1.9692,-0.006284102259030299,0.5619235060891512,-0.002136621578680775,0.6666666666666666,-0.12140575079872207,-0.05545454545454542,1,1,1,0.049170443195515126,0.05331792387586465,0.05545454545454542,0.31575802669552433,0.4444444444444444
2008-06-30,2008,60,2006|2005|2007,1.1839|1.7372|1.9692,0.0322980519226863,0.7014470335756469,0.02801564421241713,0.6666666666666666,-0.10130718954248374,-0.11345454545454547,0,0,1,0.14575259737723179,0.1414701896669626,0.11345454545454547,0.49202794091207464,0.4444444444444444
2008-07-31,2008,20,2006|2005|2007,1.0758|1.7628|2.0162,-0.006562465231124119,0.46643546107552813,-0.013994216624148015,0.3333333333333333,-0.03499079189686927,0.024809160305343525,0,0,0,0.03137162553646764,0.03880337692949154,0.024809160305343525,0.28469111719768425,0.44444444444444453
2008-07-31,2008,60,2006|2005|2007,1.0758|1.7628|2.0162,0.045074918586273154,0.7153321530438213,0.029799099767092423,0.6666666666666666,-0.17610062893081768,-0.3856870229007634,0,0,1,0.43076194148703656,0.41548612266785584,0.3856870229007634,0.5117000891783089,0.4444444444444444
2008-08-29,2008,20,2006|2005|2007,1.2707|1.8715|1.9505,0.05495615477395249,0.7086551277085334,0.053212562361234915,0.6666666666666666,0.02385496183206115,-0.13140726933830382,0,0,0,0.18636342411225632,0.18461983169953874,0.13140726933830382,0.5021920900275979,0.4444444444444444
2008-08-29,2008,60,2006|2005|2007,1.2707|1.8715|1.9505,0.02572940332788462,0.7204507757378145,0.021316932287572216,0.6666666666666666,-0.14433811802232865,-0.42311276794035413,0,0,1,0.4488421712682388,0.4444297002279263,0.42311276794035413,0.5190493202612186,0.4444444444444444
2008-09-30,2008,20,2006|2005|2007,1.8173|1.8542|2.0713,-0.02802664024100554,0.30703783169080484,-0.02620939838223668,0.3333333333333333,-0.1331389698736638,-0.22780269058295977,1,1,1,0.19977605034195423,0.20159329220072308,0.22780269058295977,0.09427223008939101,0.1111111111111111
2008-09-30,2008,60,2006|2005|2007,1.8173|1.8542|2.0713,-0.013343016260561436,0.6929621683091952,-0.018191123109464247,0.6666666666666666,-0.15209125475285168,-0.286322869955157,1,1,1,0.27297985369459554,0.26813174684569274,0.286322869955157,0.4801965667077814,0.4444444444444444
2008-10-31,2008,20,2005|2007|2006,1.5388|1.9418|1.9532,0.0018390659107936995,0.6928788189802804,-0.004847843291102809,0.6666666666666666,-0.1986842105263158,-0.1206896551724137,0,1,1,0.1225287210832074,0.11584181188131089,0.1206896551724137,0.4800810577915081,0.4444444444444444
2008-11-28,2008,20,2007|2005|2006,1.6638|1.7397|1.9386,0.017438113600253793,0.6447189893358011,0.017946384204499972,0.6666666666666666,-0.1206896551724137,-0.008714596949891074,0,0,1,0.026152710550144866,0.026660981154391045,0.008714596949891074,0.4156625752101768,0.4444444444444444
2009-04-30,2009,20,2008|2006|2007|2005,0.7873|1.2479|1.6685|1.9859,-0.016197259955871634,0.18880217968992544,-0.01000792722417676,0.25,0.09253499222395023,0.13523131672597866,0,0,1,0.15142857668185028,0.14523924395015542,0.13523131672597866,0.658041903675816,0.5625
2009-04-30,2009,60,2008|2006|2007|2005,0.7873|1.2479|1.6685|1.9859,-0.03102091652583342,0.34743077356571195,0.010955141683618663,0.5,0.33007257810034707,0.15848161328588373,0,1,1,0.18950252981171714,0.14752647160226506,0.15848161328588373,0.4258465952890451,0.25
2009-05-27,2009,20,2008|2006|2007|2005,1.3788|1.4048|1.5862|2.0944,0.006001651375386098,0.4353164518008027,0.013481405035557892,0.5,0.22919334186939833,-0.07125000000000004,0,0,0,0.07725165137538613,0.08473140503555793,0.07125000000000004,0.18950041320844058,0.25
2009-05-27,2009,60,2008|2006|2007|2005,1.3788|1.4048|1.5862|2.0944,-0.019806143573767615,0.4353164518008027,-0.011021336139654808,0.5,0.5032884434700908,-0.01708333333333334,1,1,0,0.0027228102404342758,0.006061997193678531,0.01708333333333334,0.18950041320844058,0.25
2009-06-30,2009,20,2006|2007|2008|2005,1.0545|1.2075|1.5246|1.6454,-0.0159026346928622,0.4723106817761449,-0.015466102547646937,0.5,-0.06967984934086624,0.11785874943769681,0,0,0,0.13376138413055902,0.13332485198534375,0.11785874943769681,0.27845601656755703,0.25
2009-06-30,2009,60,2006|2007|2008|2005,1.0545|1.2075|1.5246|1.6454,0.0026804600020403453,0.5843311517236036,-0.007351903204323523,0.5,0.15181347150259072,0.18533513270355373,1,0,1,0.1826546727015134,0.19268703590787725,0.18533513270355373,0.17278059142742583,0.25
2009-07-31,2009,20,2007|2005|2006|2008,0.8785|1.4336|1.5184|1.8001,-0.010709095677107957,0.3980722024926229,-0.00429337239177513,0.5,0.0703056768558954,-0.011627906976744207,1,1,0,0.0009188112996362501,0.007334534584969077,0.011627906976744207,0.15846147839732774,0.25
2009-07-31,2009,60,2007|2005|2006|2008,0.8785|1.4336|1.5184|1.8001,-0.0448638093071929,0.5891572410608719,-0.07407243089987153,0.5,0.058747300215982845,0.09139126886984905,0,0,1,0.13625507817704197,0.16546369976972058,0.09139126886984905,0.16879177257271455,0.25
2009-08-31,2009,20,2007|2006|2005|2008,0.8363|1.2623|1.4154|1.7953,0.01585778561875919,0.82869327914905,-0.0031606097384346554,0.75,-0.011627906976744207,0.06914344685242502,1,0,0,0.05328566123366583,0.07230405659085967,0.06914344685242502,0.029345992608705306,0.0625
2009-08-31,2009,60,2007|2006|2005|2008,0.8363|1.2623|1.4154|1.7953,-0.08860241476181906,0.4609279569916799,-0.11112003889279914,0.5,0.03304904051172719,0.10216718266253855,0,0,1,0.19076959742435762,0.2132872215553377,0.10216718266253855,0.29059866755316416,0.25
2009-09-30,2009,20,2007|2006|2005|2008,0.7487|0.9683|1.3760|2.1825,-0.04698228705041871,0.37587856582441226,-0.07660772143241745,0.25,0.06175298804780871,-0.01407129455909939,1,1,0,0.03291099249131932,0.06253642687331806,0.01407129455909939,0.141284696246217,0.0625
2009-09-30,2009,60,2007|2006|2005|2008,0.7487|0.9683|1.3760|2.1825,-0.07221592052757801,0.49517177967404313,-0.08522405982088743,0.5,0.15392942195280357,0.023452157598499168,0,0,1,0.09566807812607718,0.1086762174193866,0.023452157598499168,0.25485153203747285,0.25
2009-10-30,2009,20,2007|2006|2005|2008,0.6425|0.9093|1.3472|2.1341,-0.030117775625773155,0.47635253500728986,-0.012500236045168228,0.5,-0.019924098671726842,0.010648596321394033,0,0,0,0.04076637194716719,0.02314883236656226,0.010648596321394033,0.27420666759329154,0.25
2009-11-30,2009,20,2006|2007|2005|2008,0.8632|0.9407|1.0908|2.0635,0.011041542471375922,0.5728075524965863,0.009461544488242712,0.5,0.026290165530671983,0.05502846299810238,1,1,1,0.04398692052672645,0.045566918509859666,0.05502846299810238,0.18249338720395686,0.25
2010-04-30,2010,20,2007|2008|2006|2005|2009,0.9171|1.0656|1.4451|1.4793|1.5163,0.018500509952854738,0.4313963278283337,0.019039921565854323,0.4,0.0009132420091324533,-0.08996350364963501,0,0,0,0.10846401360248975,0.10900342521548934,0.08996350364963501,0.18610279166377117,0.16000000000000003
2010-04-30,2010,60,2007|2008|2006|2005|2009,0.9171|1.0656|1.4451|1.4793|1.5163,0.04636136966920985,0.5980504191972935,0.040460436004071676,0.6,0.03591682419659725,-0.017335766423357546,0,0,0,0.06369713609256739,0.05779620242742922,0.017335766423357546,0.3576643039020585,0.36
2010-05-31,2010,20,2008|2006|2005|2007|2009,1.0845|1.3187|1.3765|1.4212|2.1262,-0.017547120688867317,0.3993806023401532,-0.015449697962075426,0.4,-0.07988980716253447,0.007984031936127733,0,0,0,0.02553115262499505,0.023433729898203158,0.007984031936127733,0.36074366084527726,0.36
2010-05-31,2010,60,2008|2006|2005|2007|2009,1.0845|1.3187|1.3765|1.4212|2.1262,-0.015609570107229432,0.6111535653599616,-0.008855960663242235,0.6,-0.05382436260623236,0.0968063872255489,0,0,0,0.11241595733277834,0.10566234788879114,0.0968063872255489,0.15120154973226968,0.16000000000000003
2010-06-30,2010,20,2006|2005|2008|2007|2009,1.1579|1.2942|1.3121|1.6173|1.7139,0.004885743388488134,0.5484268877436396,0.011198867849421812,0.6,-0.00561910495685336,0.09081735620585274,1,1,0,0.08593161281736461,0.07961848835643093,0.09081735620585274,0.2039182757128955,0.16000000000000003
2010-06-30,2010,60,2006|2005|2008|2007|2009,1.1579|1.2942|1.3121|1.6173|1.7139,0.0237055887346273,0.5736943979558017,0.03118550397725193,0.6,-0.10397830018083187,0.15741675075681139,1,1,0,0.13371116202218408,0.12623124677955946,0.15741675075681139,0.18173646633426638,0.16000000000000003
2010-07-30,2010,20,2005|2009|2007|2006|2008,1.2702|1.3603|1.3752|1.4240|1.6101,0.0006537357925924555,0.37037942161567994,0.002195660271940003,0.4,0.08910891089108897,-0.0009276437847866026,0,0,0,0.0015813795773790581,0.0031233040567266055,0.0009276437847866026,0.1371809159563656,0.16000000000000003
2010-07-30,2010,60,2005|2009|2007|2006|2008,1.2702|1.3603|1.3752|1.4240|1.6101,-0.03723401889782234,0.6058184055927058,-0.04727210653643323,0.6,0.0375360923965351,0.04081632653061229,0,0,1,0.07805034542843463,0.08808843306704553,0.04081632653061229,0.15537912936947657,0.16000000000000003
2010-08-31,2010,20,2006|2005|2009|2007|2008,1.1937|1.2717|1.4014|1.5054|1.7579,0.01702783307098823,0.8406897048291722,0.011300201579737278,0.8,-0.03442028985507262,0.08442776735459656,1,1,0,0.06739993428360833,0.07312756577485928,0.08442776735459656,0.025379770147416294,0.03999999999999998
2010-08-31,2010,60,2006|2005|2009|2007|2008,1.1937|1.2717|1.4014|1.5054|1.7579,-0.04856115080180448,0.6546621870236444,-0.06846259458173161,0.6,0.0935576528518669,0.06660412757973733,0,0,1,0.11516527838154181,0.13506672216146892,0.06660412757973733,0.11925820507129234,0.16000000000000003
2010-09-30,2010,20,2006|2007|2005|2009|2008,0.7755|0.9839|1.0775|1.1613|2.0535,-0.046758669349545555,0.22181941944117092,-0.06410043605775384,0.2,0.07448789571694592,-0.020797227036395194,1,1,0,0.02596144231315036,0.043303209021358646,0.020797227036395194,0.049203854841218114,0.04000000000000001
2010-09-30,2010,60,2006|2007|2005|2009|2008,0.7755|0.9839|1.0775|1.1613|2.0535,-0.03893153054179811,0.6719014561788823,-0.06348881633701012,0.6,0.12475633528265129,0.04766031195840559,0,0,1,0.0865918425002037,0.1111491282954157,0.04766031195840559,0.10764865445753789,0.16000000000000003
2010-10-29,2010,20,2007|2006|2009|2005|2008,0.8510|0.9985|1.0203|1.0916|1.9760,-0.0014479025012388172,0.6328366023141828,0.0007701110235043274,0.6,-0.030303030303030276,0.014285714285714235,0,1,0,0.015733616786953054,0.013515603262209908,0.014285714285714235,0.13480896060019354,0.16000000000000003
2010-11-30,2010,20,2005|2007|2009|2006|2008,0.9762|0.9861|1.0543|1.1694|1.8966,0.02129011706345483,0.6472426522665383,0.018574928190214647,0.6,0.00528169014084523,0.056917688266199695,1,1,1,0.035627571202744866,0.03834276007598505,0.056917688266199695,0.1244377463799464,0.16000000000000003
2011-04-29,2011,20,2007|2010|2005|2008|2006,0.7564|1.0346|1.3099|1.3828|1.3964,-0.025540366264302446,0.29435125989752425,0.009385171916013438,0.3333333333333333,0.04026845637583887,-0.024193548387096753,1,0,0,0.0013468178772056937,0.03357872030311019,0.024193548387096753,0.08664266420325988,0.1111111111111111
2011-04-29,2011,60,2007|2010|2005|2008|2006,0.7564|1.0346|1.3099|1.3828|1.3964,0.029065092346304753,0.4643289997238866,0.03919786815331344,0.5,0.01722723543888427,-0.012903225806451535,0,0,0,0.041968318152756284,0.05210109395976498,0.012903225806451535,0.21560141998458507,0.25
2011-05-31,2011,20,2007|2006|2008|2005|2010,0.7548|0.9471|1.0040|1.1193|1.2933,0.004289161984801678,0.5931500344936439,-0.011544076312374899,0.5,-0.002413515687851975,-0.05403225806451617,0,1,1,0.05832142004931785,0.04248818175214127,0.05403225806451617,0.35182696341981096,0.25
2011-05-31,2011,60,2007|2006|2008|2005|2010,0.7548|0.9471|1.0040|1.1193|1.2933,0.012673789279574982,0.8025164763264802,0.008754430651556289,0.6666666666666666,0.029900332225913484,-0.15161290322580645,0,0,0,0.16428669250538144,0.16036733387736274,0.15161290322580645,0.64403269477547,0.4444444444444444
2011-06-30,2011,20,2006|2010|2005|2008|2007,1.1295|1.1311|1.2377|1.2662|1.4829,0.0069100431853790336,0.5855309153365933,0.024468615908826968,0.6666666666666666,-0.05613472333600644,0.03398470688190325,1,1,0,0.027074663696524216,0.00951609097307628,0.03398470688190325,0.1717846221417222,0.11111111111111113
2011-06-30,2011,60,2006|2010|2005|2008|2007,1.1295|1.1311|1.2377|1.2662|1.4829,0.028774828350532054,0.6046738388008254,0.052224045107178506,0.6666666666666666,-0.01670843776106934,-0.1444350042480883,0,0,1,0.17320983259862036,0.19665904935526682,0.1444350042480883,0.36563045133012656,0.4444444444444444
2011-07-29,2011,20,2006|2005|2010|2008|2007,0.9852|1.0736|1.2449|1.4139|1.5048,-0.0008599001142658533,0.417869841370586,-0.007218097835269647,0.3333333333333333,0.003350083752093669,-0.11435726210350583,1,1,0,0.11349736198923997,0.10713916426823618,0.11435726210350583,0.17461520432707872,0.1111111111111111
2011-07-29,2011,60,2006|2005|2010|2008|2007,0.9852|1.0736|1.2449|1.4139|1.5048,-0.036488432374979354,0.6024073572918981,-0.02624786862837436,0.6666666666666666,-0.03775100401606424,-0.10517529215358923,1,1,1,0.06868685977860987,0.07892742352521487,0.10517529215358923,0.3628946241194086,0.4444444444444444
2011-08-31,2011,20,2008|2006|2010|2007|2005,1.1814|1.5975|1.6083|1.6497|1.6675,0.004265621744255857,0.743511901520179,0.023488129208880493,0.8333333333333334,-0.06911262798634821,-0.054078826764436205,0,0,1,0.05834444850869206,0.0775669559733167,0.054078826764436205,0.5528099477021523,0.6944444444444445
2011-08-31,2011,60,2008|2006|2010|2007|2005,1.1814|1.5975|1.6083|1.6497|1.6675,-0.099810372706242,0.5598229968719544,-0.045951474221486786,0.6666666666666666,-0.12016129032258072,-0.1303391384051329,1,1,1,0.03052876569889089,0.0843876641836461,0.1303391384051329,0.3134017878266962,0.4444444444444444
2011-09-30,2011,20,2008|2005|2006|2007|2010,1.1092|1.3825|1.4175|1.4948|1.5370,-0.07556733638430067,0.18328250547646674,-0.05688323455419406,0.16666666666666666,-0.06346328195829554,0.010648596321394033,0,0,0,0.0862159327056947,0.06753183087558809,0.010648596321394033,0.6670274658607975,0.6944444444444445
2011-09-30,2011,60,2008|2005|2006|2007|2010,1.1092|1.3825|1.4175|1.4948|1.5370,-0.07091236088452635,0.5697150477158199,-0.044963961621107496,0.6666666666666666,-0.14415907207953604,-0.03291384317521773,1,1,1,0.03799851770930862,0.012050118445889768,0.03291384317521773,0.324575235593839,0.4444444444444444
2011-10-31,2011,20,2005|2010|2008|2006|2007,1.2430|1.2849|1.3720|1.3784|1.4296,-0.020727697340839936,0.6177468578148613,-0.018383145739768975,0.6666666666666666,0.010648596321394033,-0.074904214559387,1,1,0,0.05417651721854707,0.056521068819618034,0.074904214559387,0.3816111803401344,0.4444444444444444
2011-11-30,2011,20,2008|2007|2010|2005|2009,1.0058|1.2001|1.3747|1.3960|1.7032,0.022472359214676305,0.5263520393899952,0.02496538820287882,0.6666666666666666,-0.08244274809160301,0.03099001663893519,1,1,0,0.008517657424258886,0.006024628436056372,0.03099001663893519,0.22434239059001665,0.11111111111111113
2012-04-30,2012,20,2005|2007|2011|2008|2010,0.9195|1.3277|1.3486|1.5360|1.5876,-0.016151971719760138,0.19496232272742545,-0.00270820631535145,0.2857142857142857,-0.05191256830601099,-0.025936599423631024,1,1,1,0.009784627703870886,0.023228393108279573,0.025936599423631024,0.038010307283272794,0.08163265306122448
2012-04-30,2012,60,2005|2007|2011|2008|2010,0.9195|1.3277|1.3486|1.5360|1.5876,0.033333222918988756,0.476487731099203,0.0245804553986499,0.42857142857142855,-0.018850141376060336,-0.05629202689721424,0,0,1,0.089625249816203,0.08087248229586413,0.05629202689721424,0.2270405578880664,0.18367346938775508
2012-05-31,2012,20,2005|2008|2010|2011|2006,0.9269|1.1021|1.2294|1.2454|1.3060,-0.024757409044740563,0.4331837398098186,-0.017613816562680795,0.42857142857142855,-0.05555555555555558,-0.01236291126620137,1,1,1,0.012394497778539192,0.0052509052964794245,0.01236291126620137,0.18764815243562064,0.18367346938775508
2012-05-31,2012,60,2005|2008|2010|2011|2006,0.9269|1.1021|1.2294|1.2454|1.3060,-0.026830553951019704,0.6084609490629485,-0.014155188473781246,0.5714285714285714,-0.08150183150183155,0.05882352941176472,0,0,0,0.08565408336278442,0.07297871788554597,0.05882352941176472,0.15330282840868706,0.18367346938775514
2012-06-29,2012,20,2010|2005|2006|2011|2008,0.9575|1.0702|1.1587|1.2796|1.5098,0.02226624376203628,0.6440755092402126,0.02937962904683216,0.7142857142857143,0.021363173957273718,-0.005577689243027928,0,0,0,0.027843933005064207,0.03495731828986009,0.005577689243027928,0.4148332616030392,0.5102040816326531
2012-06-29,2012,60,2010|2005|2006|2011|2008,0.9575|1.0702|1.1587|1.2796|1.5098,0.005028500274201833,0.4450715012116392,0.028726908146104093,0.5714285714285714,-0.06430568499534006,0.1055776892430278,1,1,0,0.10054918896882596,0.0768507810969237,0.1055776892430278,0.30794563876750375,0.18367346938775514
2012-07-31,2012,20,2006|2005|2011|2010|2008,0.9810|1.0462|1.0869|1.1934|1.4258,-0.020741353943371642,0.3880181805845196,-0.020583757490305308,0.2857142857142857,-0.001953125,0.03131115459882583,0,0,0,0.05205250854219747,0.051894912089131134,0.03131115459882583,0.37452174729508175,0.5102040816326531
2012-07-31,2012,60,2006|2005|2011|2010|2008,0.9810|1.0462|1.0869|1.1934|1.4258,-0.0637565250676767,0.4188270998342726,-0.038465345764659147,0.5714285714285714,-0.018251681075888482,-0.011741682974559686,1,1,1,0.05201484209311702,0.02672366279009946,0.011741682974559686,0.1754161395555877,0.32653061224489793
2012-08-31,2012,20,2006|2010|2005|2009|2008,0.9244|1.1755|1.4809|1.5225|1.5391,0.01978533002859042,0.8340099763794917,0.012407135498406678,0.7142857142857143,0.036345776031434296,0.04549763033175358,1,1,1,0.02571230030316316,0.0330904948333469,0.04549763033175358,0.027552687941536903,0.08163265306122448
2012-08-31,2012,60,2006|2010|2005|2009|2008,0.9244|1.1755|1.4809|1.5225|1.5391,-0.025681745171664657,0.8340099763794917,-0.058006854819150515,0.5714285714285714,0.08227328682806734,-0.010426540284360186,1,1,0,0.01525520488730447,0.04758031453479033,0.010426540284360186,0.6955726407005203,0.32653061224489793
2012-09-28,2012,20,2006|2010|2007|2009|2005,0.6948|0.8922|1.1807|1.1869|1.3261,-0.02063887716663731,0.3376485269147122,-0.052300112906625854,0.42857142857142855,0.04549763033175358,-0.0933816863100635,1,1,0,0.07274280914342618,0.04108157340343764,0.0933816863100635,0.11400652772767512,0.18367346938775508
2012-09-28,2012,60,2006|2010|2007|2009|2005,0.6948|0.8922|1.1807|1.1869|1.3261,0.005433876950460463,0.8307362098342561,-0.04754997430753676,0.5714285714285714,0.07504873294346992,-0.039891205802357166,0,1,0,0.04532508275281763,0.007658768505179596,0.039891205802357166,0.6901226503297851,0.32653061224489793
2012-10-31,2012,20,2010|2007|2005|2006|2009,0.9221|1.1593|1.1757|1.3957|1.4238,0.0006161692567761927,0.7954216440763583,-0.02645758414257155,0.5714285714285714,-0.08778280542986427,0.04067460317460325,1,0,0,0.04005843391782706,0.0671321873171748,0.04067460317460325,0.04185230371242023,0.18367346938775514
2012-11-30,2012,20,2005|2010|2006|2009|2007,0.7664|0.8761|1.0021|1.1662|1.3677,0.03496485913687784,0.8547185129971279,0.025826049408029732,0.7142857142857143,0.056213017751479244,-0.0018674136321193968,0,0,0,0.03683227276899724,0.02769346304014913,0.0018674136321193968,0.7305437364600215,0.5102040816326531
2013-04-30,2013,20,2012|2011|2005|2007|2006,1.0167|1.0658|1.1259|1.1739|1.2482,-0.013087623410802322,0.19087148281563726,-0.005611755453886397,0.25,0.023593466424682408,0.022163120567375794,0,0,1,0.035250743978178116,0.02777487602126219,0.022163120567375794,0.6546889573209655,0.5625
2013-04-30,2013,60,2012|2011|2005|2007|2006,1.0167|1.0658|1.1259|1.1739|1.2482,0.0226152397847949,0.38987806664760316,0.014471395111666882,0.375,0.04444444444444451,0.010638297872340496,1,1,1,0.011976941912454405,0.0038330972393263857,0.010638297872340496,0.37224877355766656,0.390625
2013-05-31,2013,20,2006|2007|2011|2008|2005,0.9392|0.9972|1.1328|1.1693|1.3340,-0.011561831304167087,0.38471120359232763,-0.016957453400620867,0.375,0.005295675198587979,-0.023705004389815598,1,1,0,0.012143173085648511,0.006747550989194731,0.023705004389815598,0.14800271016945737,0.140625
2013-05-31,2013,60,2006|2007|2011|2008|2005,0.9392|0.9972|1.1328|1.1693|1.3340,-0.03340742462706908,0.6184579442817039,-0.005032848738088,0.625,0.03170289855072461,-0.041264266900790214,1,1,0,0.007856842273721132,0.036231418162702214,0.041264266900790214,0.3824902288451511,0.390625
2013-06-28,2013,20,2011|2006|2012|2008|2005,0.8364|1.0636|1.1788|1.2093|1.2718,0.008448997397293956,0.43108986841997465,0.02698625897288638,0.625,-0.032484635645302906,0.03266787658802173,1,1,0,0.024218879190727773,0.005681617615135345,0.03266787658802173,0.32365873781440174,0.140625
2013-06-28,2013,60,2011|2006|2012|2008|2005,0.8364|1.0636|1.1788|1.2093|1.2718,-0.004581603077098108,0.389040279318829,0.041528883942552705,0.625,0.001818181818181941,0.05353901996370225,0,1,1,0.05812062304080036,0.012010136021149545,0.05353901996370225,0.3732717802948145,0.140625
2013-07-31,2013,20,2011|2005|2006|2012|2009,0.9663|0.9837|1.0296|1.1241|1.1282,-0.022281431496662178,0.387790548039695,-0.014096893479163916,0.375,0.03190519598906105,-0.019434628975265045,1,1,0,0.0028468025213971328,0.005337735496101129,0.019434628975265045,0.15038150914892698,0.140625
2013-07-31,2013,60,2011|2005|2006|2012|2009,0.9663|0.9837|1.0296|1.1241|1.1282,0.00043310814605739185,0.38711473849553824,-0.03512488791589671,0.5,-0.008756567425569184,0.01590106007067127,1,0,0,0.015467951924613877,0.05102594798656798,0.01590106007067127,0.37562834376939247,0.25
2013-08-30,2013,20,2006|2009|2005|2007|2010,0.9490|1.0253|1.0416|1.2307|1.2363,0.05489714562536705,0.7917754260064275,0.0175194515801482,0.625,-0.006227758007117501,0.02327663384064449,1,1,0,0.03162051178472256,0.005757182260496291,0.02327663384064449,0.04335747321480476,0.140625
2013-08-30,2013,60,2006|2009|2005|2007|2010,0.9490|1.0253|1.0416|1.2307|1.2363,0.038925332852594696,0.8237628010915351,-0.04668595000787637,0.5,-0.013250883392226132,0.015219337511190645,1,0,0,0.02370599534140405,0.061905287519067015,0.015219337511190645,0.03105955027910182,0.25
2013-09-30,2013,20,2006|2012|2007|2009|2010,0.7577|0.9602|0.9635|0.9919|0.9956,-0.03427282089198789,0.1917942974281532,-0.05300406216422923,0.25,0.02327663384064449,0.01049868766404205,0,0,1,0.04477150855602994,0.06350274982827128,0.01049868766404205,0.6531964576696524,0.5625
2013-09-30,2013,60,2006|2012|2007|2009|2010,0.7577|0.9602|0.9635|0.9919|0.9956,-0.019641617940973147,0.6157623207726436,-0.04282360233802748,0.5,0.04003639672429471,0.01137357830271224,0,0,1,0.031015196243685386,0.05419718064073972,0.01137357830271224,0.14763859413802485,0.25
2013-10-31,2013,20,2009|2007|2006|2010|2005,0.7555|0.8209|0.8756|0.9521|1.2481,-0.004574102339498624,0.7799330837390798,-0.0180660607279247,0.625,0.009590235396687019,-0.00949913644214162,1,1,0,0.0049250341026429965,0.008566924285783081,0.00949913644214162,0.6082956151107504,0.390625
2013-11-29,2013,20,2009|2010|2012|2005|2006,0.7005|0.8671|0.9149|0.9641|0.9758,0.04318311067480847,1.0,0.027151741382866024,0.75,-0.0008680555555555802,0.013032145960034658,1,1,0,0.030150964714773812,0.014119595422831366,0.013032145960034658,0.0,0.0625
2014-04-30,2014,20,2013|2007|2008|2012|2011,0.9132|0.9929|1.0352|1.0415|1.0644,0.000404440012666071,0.4231564948098934,-0.002525658118190598,0.3333333333333333,0.0066006600660066805,0.03934426229508192,1,0,1,0.038939822282415854,0.04186992041327252,0.03934426229508192,0.3327484294800086,0.44444444444444453
2014-04-30,2014,60,2013|2007|2008|2012|2011,0.9132|0.9929|1.0352|1.0415|1.0644,0.006660659697482192,0.4231564948098934,0.014045495418408395,0.4444444444444444,0.04006820119352095,0.10655737704918034,1,1,1,0.09989671735169814,0.09251188163077194,0.10655737704918034,0.3327484294800086,0.308641975308642
2014-05-30,2014,20,2007|2013|2008|2006|2011,0.7624|0.7714|0.8679|0.9020|1.0336,-0.021095111101527488,0.22473905744526887,-0.01585437952784447,0.3333333333333333,0.029363784665579207,0.045166402535657735,0,0,1,0.06626151363718522,0.061020782063502206,0.045166402535657735,0.60102952905085,0.44444444444444453
2014-05-30,2014,60,2007|2013|2008|2006|2011,0.7624|0.7714|0.8679|0.9020|1.0336,-0.035549586447530535,0.4146865851898506,-5.082351568095087e-05,0.5555555555555556,0.0823327615780447,0.08716323296354989,0,0,1,0.12271281941108042,0.08721405647923083,0.08716323296354989,0.34259179355671804,0.19753086419753085
2014-06-30,2014,20,2007|2013|2005|2009|2011,0.8261|1.0220|1.1030|1.2424|1.3327,0.037746469912828415,1.0,0.023098509964428762,0.6666666666666666,0.045166402535657735,0.022744503411675554,1,1,1,0.01500196650115286,0.00035400655275320825,0.022744503411675554,0.0,0.11111111111111113
2014-06-30,2014,60,2007|2013|2005|2009|2011,0.8261|1.0220|1.1030|1.2424|1.3327,0.027086523777668337,0.6437257658780807,0.03644733062241253,0.6666666666666666,0.08470394736842124,0.009097801364670088,1,1,1,0.01798872241299825,0.027349529257742443,0.009097801364670088,0.12693132989916014,0.11111111111111113
2014-07-31,2014,20,2005|2013|2007|2009|2011,0.8975|0.8984|0.9242|1.1248|1.2225,-0.0390778676473769,0.0,-0.01468997520095293,0.3333333333333333,-0.005216095380029762,0.03895131086142323,0,0,0,0.07802917850880012,0.053641286062376156,0.03895131086142323,1.0,0.44444444444444453
2014-07-31,2014,60,2005|2013|2007|2009|2011,0.8975|0.8984|0.9242|1.1248|1.2225,-0.0037816243435073974,0.6148201231404903,-0.029455338139611383,0.5555555555555556,0.08448415922014618,-0.05243445692883897,1,1,0,0.04865283258533157,0.022979118789227586,0.05243445692883897,0.37800378381848765,0.308641975308642
2014-08-29,2014,20,2009|2013|2007|2005|2006,0.7961|0.9184|1.1161|1.1657|1.1970,0.05654575167463,0.8261429509671434,0.02260188355185623,0.6666666666666666,0.044528301886792576,-0.054913294797687806,0,0,0,0.1114590464723178,0.07751517834954404,0.054913294797687806,0.6825121754326999,0.4444444444444444
2014-08-29,2014,60,2009|2013|2007|2005|2006,0.7961|0.9184|1.1161|1.1657|1.1970,0.04030540411177731,0.81841370769719,-0.037149709202695815,0.5555555555555556,0.09148264984227139,-0.03395953757225445,0,1,0,0.07426494168403176,0.0031901716304413644,0.03395953757225445,0.6698009969466616,0.308641975308642
2014-09-30,2014,20,2005|2013|2007|2009|2006,0.9215|1.0014|1.0069|1.1133|1.2312,-0.015497669565819697,0.41603463376572725,-0.04594820107219909,0.3333333333333333,-0.0644699140401146,-0.004594180704440953,1,1,1,0.010903488861378744,0.041354020367758135,0.004594180704440953,0.1730848164925828,0.1111111111111111
2014-09-30,2014,60,2005|2013|2007|2009|2006,0.9215|1.0014|1.0069|1.1133|1.2312,-0.0034760585140959435,0.7925610179699242,-0.03680169337794529,0.5555555555555556,-0.03545051698670609,0.015313935681470214,0,0,0,0.018789994195566158,0.052115629059415504,0.015313935681470214,0.04303093126567412,0.19753086419753085
2014-10-31,2014,20,2007|2009|2013|2005|2010,0.6608|0.7912|0.8047|0.9520|1.0030,-0.018798969110002096,0.545765332471464,-0.01711418025172658,0.5555555555555556,-0.003053435114503844,0.03369065849923425,0,0,0,0.052489627609236346,0.050804838750960826,0.03369065849923425,0.20632913318475965,0.19753086419753085
2014-11-28,2014,20,2013|2009|2010|2005|2012,0.6531|0.6943|0.8802|0.8998|0.9338,0.0377533281553756,1.0,0.025274962375339462,0.7777777777777778,0.03369065849923425,-0.015555555555555545,0,0,0,0.05330888371093114,0.04083051793089501,0.015555555555555545,1.0,0.6049382716049383
2015-04-30,2015,20,2013|2014|2012|2011|2006,0.6427|0.8419|1.0321|1.1379|1.1617,-0.002507080677939218,0.5032337880517024,0.0016613339231366542,0.4,0.0347574221578566,-0.004898530440867854,1,0,0,0.0023914497629286364,0.006559864364004508,0.004898530440867854,0.2532442454368657,0.16000000000000003
2015-04-30,2015,60,2013|2014|2012|2011|2006,0.6427|0.8419|1.0321|1.1379|1.1617,-0.0023717100276861537,0.5032337880517024,0.023296683581485587,0.5,0.04002911208151372,-0.078376487053884,1,0,0,0.07600477702619785,0.1016731706353696,0.078376487053884,0.2532442454368657,0.25
2015-05-29,2015,20,2014|2011|2008|2012|2013,0.8035|0.9437|0.9523|1.0489|1.0721,-0.035249910018925516,0.23748144029498117,-0.013258305714097363,0.4,-0.004898530440867854,-0.03234880450070321,1,1,1,0.0029011055182223064,0.019090498786605847,0.03234880450070321,0.05639743448457871,0.16000000000000003
2015-05-29,2015,60,2014|2011|2008|2012|2013,0.8035|0.9437|0.9523|1.0489|1.0721,-0.04071396316999479,0.4194112634531178,-0.0027501220654281844,0.5,0.01716738197424883,-0.1561181434599156,1,1,0,0.1154041802899208,0.1533680213944874,0.1561181434599156,0.17590580791134058,0.25
2015-06-30,2015,20,2013|2011|2014|2012|2006,0.8226|0.9759|1.0845|1.1723|1.1986,0.013691188667998204,0.6520830646448734,0.02306310930915344,0.7,-0.015602836879432536,-0.057636887608069176,0,0,1,0.07132807627606738,0.08069999691722261,0.057636887608069176,0.42521232319665014,0.48999999999999994
2015-06-30,2015,60,2013|2011|2014|2012|2006,0.8226|0.9759|1.0845|1.1723|1.1986,0.014055641800124507,0.7887095916873079,0.033712377696638283,0.7,0.010924981791696986,-0.10158501440922196,0,0,0,0.11564065620934647,0.13529739210586025,0.10158501440922196,0.6220628200195599,0.48999999999999994
2015-07-31,2015,20,2006|2011|2012|2013|2008,1.0270|1.1289|1.1328|1.2808|1.3266,-0.011304389182460248,0.6103248778249656,-0.009325846594715314,0.4,-0.05634807417974308,-0.06575963718820876,1,1,1,0.05445524800574852,0.056433790593493446,0.06575963718820876,0.37249645649205915,0.16000000000000003
2015-07-31,2015,60,2006|2011|2012|2013|2008,1.0270|1.1289|1.1328|1.2808|1.3266,-0.06270800569816296,0.41021418821116795,-0.03175325001853414,0.5,-0.07223001402524531,-0.03628117913832207,1,1,1,0.026426826559840882,0.0045279291197879296,0.03628117913832207,0.16827568020974754,0.25
2015-08-31,2015,20,2011|2008|2013|2006|2012,0.7251|0.9868|1.3709|1.3889|1.5234,-0.029130109433878195,0.46814261655093087,0.010071091786355702,0.7,-0.04521072796934866,0.0016051364365972098,0,1,0,0.030735245870475405,0.008465955349758492,0.0016051364365972098,0.28287227632929024,0.09000000000000002
2015-08-31,2015,60,2011|2008|2013|2006|2012,0.7251|0.9868|1.3709|1.3889|1.5234,-0.13019902701139738,0.3222141261243628,-0.04352147240794776,0.5,-0.09183673469387754,0.008025682182985605,0,0,0,0.13822470919438298,0.05154715459093336,0.008025682182985605,0.45939369082536125,0.25
2015-09-30,2015,20,2011|2006|2013|2007|2005,0.7522|1.2182|1.2644|1.3238|1.3398,-0.00903745393900899,0.6472611347891369,-0.04181279903542327,0.3,0.0016051364365972098,0.014423076923076872,0,0,1,0.02346053086208586,0.056235875958500145,0.014423076923076872,0.12442470703024743,0.48999999999999994
2015-09-30,2015,60,2011|2006|2013|2007|2005,0.7522|1.2182|1.2644|1.3238|1.3398,-0.017082786770470624,0.530750159864195,-0.03159013047200374,0.6,-0.10984308131241083,-0.019230769230769162,1,1,1,0.0021479824602985385,0.01235936124123458,0.019230769230769162,0.2816957321958686,0.36
2015-10-30,2015,20,2011|2013|2006|2010|2009,0.6764|1.0673|1.1061|1.3094|1.3477,-0.019310563752257752,0.499417692379141,-0.0054948366084696994,0.6,-0.0062893081761006275,-0.019778481012658222,1,1,1,0.00046791726040047027,0.014283644404188523,0.019778481012658222,0.24941803146130634,0.36
2015-11-30,2015,20,2011|2013|2012|2010|2005,0.7439|1.0966|1.1782|1.2509|1.2818,0.028348424367010655,0.8188176457170914,0.017639152262856783,0.6,-0.033175355450236865,0.004084967320261423,1,1,0,0.02426345704674923,0.01355418494259536,0.004084967320261423,0.032827045503497417,0.16000000000000003
2016-04-29,2016,20,2012|2014|2015|2013|2005,0.7145|0.8563|0.9127|0.9701|1.1409,-0.002691772192603824,0.39469255246694407,0.0034671560378931095,0.36363636363636365,-0.04791344667697062,0.025162337662337553,0,1,0,0.027854109854941377,0.02169518162444444,0.025162337662337553,0.36639710603898334,0.4049586776859504
2016-04-29,2016,60,2012|2014|2015|2013|2005,0.7145|0.8563|0.9127|0.9701|1.1409,0.005160496468714524,0.5520499426513409,0.01860071470391168,0.45454545454545453,0.07037358818418782,0.13149350649350655,1,1,1,0.12633301002479203,0.11289279178959487,0.13149350649350655,0.20065925387866698,0.29752066115702475
2016-05-31,2016,20,2015|2014|2012|2008|2005,0.8167|0.8399|0.8897|0.9596|0.9938,-0.011332964151556655,0.3931947653971917,-0.013322457596348002,0.36363636363636365,0.03950617283950608,0.02454473475851149,0,0,1,0.035877698910068145,0.03786719235485949,0.02454473475851149,0.36821259274136925,0.4049586776859504
2016-05-31,2016,60,2015|2014|2012|2008|2005,0.8167|0.8399|0.8897|0.9596|0.9938,-0.021217861105600488,0.5943571947000412,-0.01368017884562363,0.5454545454545454,0.003177124702144596,0.10847189231987331,0,0,1,0.12968975342547379,0.12215207116549694,0.10847189231987331,0.16454608549162025,0.20661157024793392
2016-06-30,2016,20,2014|2015|2013|2005|2012,0.8128|0.8546|0.9778|1.0106|1.0456,0.0005183249516247228,0.6039319963707459,0.015726745953042295,0.6363636363636364,0.027472527472527375,0.04736440030557665,1,1,1,0.046846075353951924,0.03163765435253435,0.04736440030557665,0.15686986349886284,0.1322314049586777
2016-06-30,2016,60,2014|2015|2013|2005|2012,0.8128|0.8546|0.9778|1.0106|1.0456,0.004447164451654273,0.5977538409467762,0.02141261477792372,0.6363636363636364,0.024256651017214415,0.0847975553857907,1,1,1,0.08035039093413643,0.06338494060786698,0.0847975553857907,0.16180197247307143,0.1322314049586777
2016-07-29,2016,20,2014|2005|2007|2013|2009,0.6685|0.8854|0.9099|0.9820|1.0316,-0.018467526042490048,0.26189027851277885,-0.01688695440515996,0.36363636363636365,0.04736440030557665,0.022611232676878146,0,0,1,0.0410787587193682,0.0394981870820381,0.022611232676878146,0.5448059609539433,0.4049586776859504
2016-07-29,2016,60,2014|2005|2007|2013|2009,0.6685|0.8854|0.9099|0.9820|1.0316,0.0010621312005790816,0.5403880667139966,-0.021178343157335043,0.5454545454545454,0.14059900166389339,0.05908096280087527,1,0,1,0.05801883160029619,0.08025930595821032,0.05908096280087527,0.2112431292188976,0.20661157024793392
2016-08-31,2016,20,2014|2009|2013|2007|2005,0.5048|0.8473|0.8653|1.0930|1.1139,0.01149004525703585,0.6768289287284555,0.009301459481832202,0.7272727272727273,0.009454545454545604,0.029538904899135465,1,1,1,0.018048859642099617,0.02023744541730326,0.029538904899135465,0.10443954130679772,0.07438016528925619
2016-08-31,2016,60,2014|2009|2013|2007|2005,0.5048|0.8473|0.8653|1.0930|1.1139,0.004432170284273943,0.5275633875258452,-0.03883536744513563,0.5454545454545454,0.08522283033620015,0.032420749279538974,1,0,1,0.02798857899526503,0.0712561167246746,0.032420749279538974,0.2231963528060547,0.20661157024793392
2016-09-30,2016,20,2014|2013|2007|2005|2009,0.6683|0.8309|0.8596|0.8957|0.9529,-0.005720532987400493,0.3925812232275104,-0.03670044667555963,0.36363636363636365,0.013571428571428568,0.02325581395348819,0,0,1,0.028976346940888686,0.05995626062904782,0.02325581395348819,0.36895757037578764,0.4049586776859504
2016-09-30,2016,60,2014|2013|2007|2005|2009,0.6683|0.8309|0.8596|0.8957|0.9529,-0.0033972371800376697,0.8070449336283502,-0.030466552177346052,0.5454545454545454,0.07013574660633504,-0.0021141649048627142,1,1,0,0.0012830722751749554,0.028352387272483338,0.0021141649048627142,0.6513215248951881,0.29752066115702475
2016-10-31,2016,20,2007|2014|2013|2009|2010,0.6102|0.6331|0.7558|0.7682|0.8433,-0.02271639598793066,0.5786086699568994,-0.012737767707178473,0.5454545454545454,0.02325581395348819,-0.011707988980716122,1,1,0,0.01100840700721454,0.0010297787264623506,0.011707988980716122,0.3347879929492922,0.29752066115702475
2016-11-30,2016,20,2014|2013|2009|2012|2010,0.6765|0.7690|0.7748|0.9287|0.9628,0.019740324588175883,0.5869057194603375,0.01640695363171175,0.6363636363636364,-0.0006968641114981633,-0.0013947001394701841,0,0,1,0.021135024727646067,0.017801653771181935,0.0013947001394701841,0.3444583235352564,0.4049586776859504
2017-04-28,2017,20,2014|2015|2016|2013|2012,0.6758|0.7123|0.7452|0.8490|0.9361,-0.0005070098117985735,0.6179960384901123,0.002637276523811969,0.4166666666666667,0.007432432432432412,0.026156941649899457,0,1,1,0.02666395146169803,0.023519665126087486,0.026156941649899457,0.14592702660924775,0.3402777777777777
2017-04-28,2017,60,2014|2015|2016|2013|2012,0.6758|0.7123|0.7452|0.8490|0.9361,0.02705292015124022,0.6179960384901123,0.024634839091176818,0.5,0.024742268041237025,0.10596914822266945,1,1,1,0.07891622807142923,0.08133430913149263,0.10596914822266945,0.14592702660924775,0.25
2017-05-31,2017,20,2014|2015|2013|2007|2016,0.4665|0.6906|0.8092|0.8123|0.9671,0.021746583347407217,0.6216048209512532,-0.010166858233443044,0.4166666666666667,0.026156941649899457,0.06274509803921569,1,0,1,0.04099851469180847,0.07291195627265873,0.06274509803921569,0.14318291152733312,0.3402777777777777
2017-05-31,2017,60,2014|2015|2013|2007|2016,0.4665|0.6906|0.8092|0.8123|0.9671,0.013987981116754374,0.6216048209512532,-0.0035008395818322178,0.5833333333333334,0.05736005528680033,0.06993464052287579,1,0,1,0.05594665940612142,0.073435480104708,0.06993464052287579,0.14318291152733312,0.17361111111111108
2017-06-30,2017,20,2014|2016|2007|2013|2015,0.4690|0.8075|0.8706|0.9797|1.0068,0.014229885977541346,0.8479681262893457,0.018363217149086824,0.6666666666666666,0.03875968992248069,0.021144278606965106,1,1,1,0.00691439262942376,0.0027810614578782818,0.021144278606965106,0.02311369062397234,0.11111111111111113
2017-06-30,2017,60,2014|2016|2007|2013|2015,0.4690|0.8075|0.8706|0.9797|1.0068,0.019943537349475227,0.8479681262893457,0.02669469316191263,0.6666666666666666,0.07702612190221036,0.01492537313432818,1,1,1,0.005018164215147048,0.011769320027584452,0.01492537313432818,0.02311369062397234,0.11111111111111113
2017-07-31,2017,20,2014|2016|2013|2005|2007,0.2734|0.7853|0.9048|0.9148|0.9531,0.009912011928872977,0.6029360668410818,-0.011367239204873647,0.4166666666666667,0.011187072715972635,0.014751075599262586,1,0,1,0.0048390636703896095,0.026118314804136233,0.014751075599262586,0.15765976701562986,0.3402777777777777
2017-07-31,2017,60,2014|2016|2013|2005|2007,0.2734|0.7853|0.9048|0.9148|0.9531,-0.015995980898320036,0.41910462161040046,-0.024561059710232352,0.5,0.08250166333998643,0.03687768899815613,0,0,1,0.05287366989647617,0.06143874870838849,0.03687768899815613,0.33743944063439607,0.25
2017-08-31,2017,20,2014|2016|2013|2009|2007,0.4534|0.6151|0.8952|0.9612|1.1460,0.013315316601246933,0.6785640434464598,0.010987913266607474,0.75,0.009124087591240837,-0.030741410488245857,0,0,0,0.04405672708949279,0.04172932375485333,0.030741410488245857,0.460449161058409,0.5625
2017-08-31,2017,60,2014|2016|2013|2009|2007,0.4534|0.6151|0.8952|0.9612|1.1460,0.004460330352782014,0.5513854096776275,-0.03289735771807942,0.5833333333333334,0.060063897763578344,0.014466546112115841,1,0,1,0.010006215759333827,0.04736390383019526,0.014466546112115841,0.20125505065011012,0.17361111111111108
2017-09-30,2017,20,2014|2016|2013|2007|2005,0.4819|0.5201|0.7693|0.8397|0.9023,0.003185452406313634,0.5809373666928559,-0.031704091623138975,0.4166666666666667,-0.01991550995775493,0.04802955665024622,1,0,0,0.044844104243932585,0.0797336482733852,0.04802955665024622,0.17561349063431791,0.3402777777777777
2017-09-30,2017,60,2014|2016|2013|2007|2005,0.4819|0.5201|0.7693|0.8397|0.9023,-0.0057773499783766715,0.5901664819835013,-0.028103853237972442,0.5,0.010578718108276375,-0.003694581280788145,1,1,0,0.0020827686975885265,0.024409271957184297,0.003694581280788145,0.34829647645678236,0.25
2017-10-31,2017,20,2016|2013|2014|2009|2007,0.4985|0.5752|0.6418|0.6459|0.6808,-0.021416158813220152,0.3733551098190594,-0.01265195281330661,0.5,0.0564166150030998,-0.018779342723004744,1,1,0,0.0026368160902154082,0.006127389909698133,0.018779342723004744,0.1393940380280019,0.25
2017-11-30,2017,20,2016|2014|2013|2009|2007,0.4765|0.5741|0.6550|0.7508|0.8413,0.0060574638803445845,0.3624077946752084,0.014923482484113256,0.5833333333333334,-0.030070754716981063,-0.006686930091185372,0,0,1,0.012744393971529957,0.02161041257529863,0.006686930091185372,0.131339409641348,0.34027777777777785
2018-04-30,2018,20,2011|2007|2005|2012|2010,1.0513|1.0514|1.1198|1.1893|1.2656,-0.017199197879281033,0.2148658297444302,0.004848776007902746,0.46153846153846156,-0.025578562728379994,0.02312499999999984,0,1,0,0.040324197879280876,0.018276223992097093,0.02312499999999984,0.6164356653029022,0.28994082840236685
2018-04-30,2018,60,2011|2007|2005|2012|2010,1.0513|1.0514|1.1198|1.1893|1.2656,0.045581016610915424,0.4166231308002114,0.03015792334439599,0.5384615384615384,-0.0939977349943375,0.059374999999999956,1,1,0,0.013793983389084531,0.029217076655603965,0.059374999999999956,0.34032857151734724,0.21301775147928997
2018-05-31,2018,20,2005|2016|2011|2012|2007,1.0299|1.0927|1.1485|1.1812|1.1948,0.020152666258672285,0.6132681172595651,-0.004558246212469295,0.46153846153846156,0.02800763844684928,0.008668730650154943,1,0,1,0.011483935608517341,0.013226976862624237,0.008668730650154943,0.1495615491279615,0.28994082840236685
2018-05-31,2018,60,2005|2016|2011|2012|2007,1.0299|1.0927|1.1485|1.1812|1.1948,0.025474950794296496,0.8039190284466147,0.0021480435031453215,0.6153846153846154,0.0,0.050154798761609776,1,1,0,0.02467984796731328,0.048006755258464456,0.050154798761609776,0.038447747405319505,0.14792899408284022
2018-06-29,2018,20,2011|2012|2016|2013|2010,0.9793|1.0519|1.0675|1.0953|1.1354,0.04010361589211981,0.7978309093939968,0.02454931467083527,0.6923076923076923,0.008668730650154943,0.052179251074278676,1,1,1,0.012075635182158866,0.027629936403443408,0.052179251074278676,0.04087234119645833,0.09467455621301776
2018-06-29,2018,60,2011|2012|2016|2013|2010,0.9793|1.0519|1.0675|1.0953|1.1354,0.05506409015295629,0.78284826264017,0.034340014130978536,0.6923076923076923,-0.018083182640144635,0.0662983425414363,1,1,0,0.011234252388480005,0.03195832841045776,0.0662983425414363,0.04715487703839257,0.09467455621301776
2018-07-31,2018,20,2017|2005|2014|2013|2012,1.0475|1.0600|1.0956|1.1003|1.1208,0.0073853368856215545,0.5983907252477302,-0.009358138066093936,0.46153846153846156,0.0542205791743684,0.008182349503214503,1,0,1,0.0007970126175929487,0.01754048756930844,0.008182349503214503,0.16129000956704415,0.28994082840236685
2018-07-31,2018,60,2017|2005|2014|2013|2012,1.0475|1.0600|1.0956|1.1003|1.1208,-0.016574322827214192,0.4040675950870289,-0.019835002117279392,0.5384615384615384,0.07610062893081748,-0.1174751607247223,1,1,0,0.10090083789750812,0.0976401586074429,0.1174751607247223,0.16327062139941512,0.28994082840236685
2018-08-31,2018,20,2016|2014|2013|2017|2005,0.9018|0.9442|0.9696|1.0042|1.1368,-0.00612248003671168,0.5950696499921944,0.00777796528546491,0.6923076923076923,0.016364699006429007,0.004600345025876917,0,1,1,0.010722825062588598,0.0031776202595879925,0.004600345025876917,0.163968588357444,0.09467455621301776
2018-08-31,2018,60,2016|2014|2013|2017|2005,0.9018|0.9442|0.9696|1.0042|1.1368,0.011755963270830387,0.7913003147044094,-0.02925398050037209,0.6153846153846154,0.04194128220491322,-0.12535940195514672,0,1,0,0.13711536522597711,0.09610542145477463,0.12535940195514672,0.6261561880512974,0.37869822485207105
2018-09-28,2018,20,2016|2017|2013|2010|2014,0.7519|0.7728|0.9062|0.9113|0.9346,0.007925477494715526,0.6323315569233623,-0.03002614234604898,0.5384615384615384,-0.007424328954882875,-0.12830840046029923,0,1,1,0.13623387795501476,0.09828225811425026,0.12830840046029923,0.3998431978811234,0.28994082840236685
2018-09-28,2018,60,2016|2017|2013|2010|2014,0.7519|0.7728|0.9062|0.9113|0.9346,0.013399930275769656,0.7743827350985153,-0.02848059158684726,0.5384615384615384,0.07616099071207438,-0.13866513233601852,0,1,0,0.15206506261178818,0.11018454074917125,0.13866513233601852,0.5996686204186573,0.28994082840236685
2018-10-31,2018,20,2005|2012|2014|2010|2007,0.8344|1.0908|1.1034|1.2149|1.3102,0.01457294329459574,0.8343563258137165,-0.013123290498668005,0.46153846153846156,-0.09877977919814063,-0.008381689232752954,0,1,1,0.022954632527348695,0.004741601265915052,0.008381689232752954,0.6961504784253647,0.21301775147928997
2018-11-30,2018,20,2005|2012|2014|2010|2013,0.9750|1.0010|1.1000|1.1139|1.1360,0.019741944515261758,0.5950399456991156,0.01326114305524413,0.5384615384615384,-0.024157660521296975,-0.022149837133550565,0,0,1,0.041891781648812326,0.0354109801887947,0.022149837133550565,0.3540725369776064,0.28994082840236685
2019-04-30,2019,20,2014|2017|2015|2016|2013,0.5674|0.6188|0.6759|0.8974|0.9022,0.02216822013566619,0.7910403769868753,0.006154220578766824,0.5,0.046114971572962515,-0.07306763285024154,0,0,0,0.09523585298590773,0.07922185342900837,0.07306763285024154,0.6257448780235378,0.25
2019-04-30,2019,60,2014|2017|2015|2016|2013,0.5674|0.6188|0.6759|0.8974|0.9022,0.05668906868531936,0.7910403769868753,0.032244857391224846,0.5714285714285714,0.08235294117647052,0.012077294685990392,1,1,1,0.04461177399932897,0.020167562705234454,0.012077294685990392,0.04366412404978717,0.18367346938775514
2019-05-31,2019,20,2015|2008|2014|2016|2006,0.6907|0.7222|0.7455|0.7652|0.7909,-0.022637496601563886,0.392618607230734,-0.0036134621508532782,0.5,-0.0632835820895522,0.053537284894837445,0,0,0,0.07617478149640133,0.057150747045690724,0.053537284894837445,0.3689121562823333,0.25
2019-05-31,2019,60,2015|2008|2014|2016|2006,0.6907|0.7222|0.7455|0.7652|0.7909,-0.022860252022678367,0.5800803854157809,0.0055770974501784965,0.6428571428571429,0.022149837133550454,0.017845761631612334,0,1,1,0.040706013654290704,0.012268664181433837,0.017845761631612334,0.17633248271255914,0.12755102040816324
2019-06-28,2019,20,2016|2014|2017|2015|2013,0.6436|0.7526|0.7851|0.8723|0.9963,0.02608731044763808,0.818213556100212,0.02758683940259003,0.7142857142857143,0.04521963824289399,0.029048207663782355,1,1,1,0.0029608972161442766,0.0014613682611923258,0.029048207663782355,0.03304631118573079,0.08163265306122448
2019-06-28,2019,60,2016|2014|2017|2015|2013,0.6436|0.7526|0.7851|0.8723|0.9963,0.027758041339378415,0.818213556100212,0.03698468260189693,0.7142857142857143,0.01314965560425807,0.04635352286773786,1,1,1,0.018595481528359447,0.009368840265840929,0.04635352286773786,0.03304631118573079,0.08163265306122448
2019-07-31,2019,20,2014|2016|2017|2005|2013,0.6451|0.6733|0.6985|0.8780|0.8921,0.00922883451007098,0.664043242560172,-0.008105246096857619,0.5,0.01595092024539868,-0.02717391304347827,0,1,0,0.03640274755354925,0.01906866694662065,0.02717391304347827,0.44095342798982745,0.25
2019-07-31,2019,60,2014|2016|2017|2005|2013,0.6451|0.6733|0.6985|0.8780|0.8921,-0.0007016387278746891,0.6002557839973893,-0.02680929916066817,0.5,-0.004209260372820323,0.08514492753623193,0,0,0,0.08584656626410662,0.1119542266969001,0.08514492753623193,0.15979543822754186,0.25
2019-08-30,2019,20,2016|2014|2017|2013|2006,0.6128|0.6817|0.7258|0.7635|0.9253,0.0007533980636659869,0.5857420118781529,0.0069831291316171384,0.5714285714285714,-0.005467800729040184,0.05009163103237646,1,1,0,0.049338232968710476,0.04310850190075932,0.05009163103237646,0.17160968072276042,0.18367346938775514
2019-08-30,2019,60,2016|2014|2017|2013|2006,0.6128|0.6817|0.7258|0.7635|0.9253,0.013834434910809228,0.786383379201693,-0.03324191230953038,0.5714285714285714,0.04533844189016589,0.13561392791692128,1,0,1,0.12177949300611206,0.16885584022645167,0.13561392791692128,0.04563206068128769,0.18367346938775514
2019-09-27,2019,20,2016|2017|2013|2014|2006,0.5577|0.6403|0.7489|0.7787|0.7816,-0.00043870811974258185,0.6465829541127186,-0.04044877526472444,0.42857142857142855,0.05027932960893855,0.06205673758865249,0,0,1,0.06249544570839507,0.10250551285337693,0.06205673758865249,0.12490360832369277,0.32653061224489793
2019-09-27,2019,60,2016|2017|2013|2014|2006,0.5577|0.6403|0.7489|0.7787|0.7816,0.001570617899346326,0.5764387553416347,-0.040070755737456075,0.42857142857142855,0.03803680981595092,0.1507092198581561,1,0,1,0.1491386019588098,0.1907799755956122,0.1507092198581561,0.1794041279765436,0.32653061224489793
2019-10-31,2019,20,2017|2016|2013|2007|2009,0.4950|0.5383|0.6078|0.7499|0.7698,-0.03059784170320738,0.1592732688728372,-0.012784604693959787,0.42857142857142855,0.04828388598022104,0.03163152053274154,0,0,1,0.06222936223594892,0.044416125226701325,0.03163152053274154,0.7068214364317646,0.32653061224489793
2019-11-29,2019,20,2017|2016|2014|2013|2009,0.5348|0.6161|0.6935|0.7101|0.7771,-0.0017112583957085005,0.35322687299155375,0.008400134780388455,0.5,0.015538290788013276,0.0710382513661203,0,1,1,0.0727495097618288,0.06263811658573185,0.0710382513661203,0.4183154778202837,0.25
2020-04-30,2020,20,2011|2007|2010|2018|2008,1.4095|1.5553|1.6149|1.6292|1.7257,-0.013127891561381362,0.39708732762058396,0.0008727636834995999,0.4666666666666667,0.12278397898883764,-0.012280701754385892,1,0,0,0.0008471898069954704,0.013153465437885491,0.012280701754385892,0.157678345756857,0.2177777777777778
2020-04-30,2020,60,2011|2007|2010|2018|2008,1.4095|1.5553|1.6149|1.6292|1.7257,0.02460476668938828,0.39708732762058396,0.03090035321087588,0.6,-0.03986524424480631,0.21169590643274838,1,1,0,0.1870911397433601,0.1807955532218725,0.21169590643274838,0.36350369051568904,0.16000000000000003
2020-05-29,2020,20,2010|2018|2011|2005|2007,1.3728|1.3792|1.3895|1.4025|1.4265,0.019132719557857093,0.5972490041605525,-0.002970505142701955,0.4666666666666667,-0.012280701754385892,0.06453522794553002,1,0,0,0.04540250838767292,0.06750573308823198,0.06453522794553002,0.16220836464966668,0.28444444444444444
2020-05-29,2020,60,2010|2018|2011|2005|2007,1.3728|1.3792|1.3895|1.4025|1.4265,0.01905303232962908,0.7993681629302329,0.004524779805568638,0.6,-0.04683972911963874,0.23031379514505623,1,1,0,0.21126076281542716,0.2257890153394876,0.23031379514505623,0.040253134045989555,0.16000000000000003
2020-06-30,2020,20,2005|2007|2018|2011|2010,1.3403|1.4131|1.5255|1.5937|1.6021,0.03834828658032288,1.0,0.021515356208937866,0.7333333333333333,0.06453522794553002,0.15239154616240258,1,1,1,0.1140432595820797,0.13087618995346473,0.15239154616240258,0.0,0.07111111111111114
2020-06-30,2020,60,2005|2007|2018|2011|2010,1.3403|1.4131|1.5255|1.5937|1.6021,0.019334366522888644,0.5913142272539526,0.029860903765763596,0.7333333333333333,0.18056467498358497,0.1468298109010009,1,1,1,0.12749544437811225,0.11696890713523729,0.1468298109010009,0.16702406084503393,0.07111111111111114
2020-07-31,2020,20,2005|2018|2010|2016|2007,1.2044|1.2481|1.2682|1.2793|1.3291,-0.0068425671037450906,0.40032568302540256,-0.009376490559965664,0.4666666666666667,0.12155591572123181,-0.0028901734104046506,1,1,0,0.00395239369334044,0.006486317149561013,0.0028901734104046506,0.16026065248975507,0.2177777777777778
2020-07-31,2020,60,2005|2018|2010|2016|2007,1.2044|1.2481|1.2682|1.2793|1.3291,-0.010602299859002231,0.5873808304169356,-0.019345684047541497,0.5333333333333333,0.2431137724550898,0.011560693641618602,0,0,1,0.022162993500620835,0.0309063776891601,0.011560693641618602,0.1702545791074177,0.2177777777777778
2020-08-31,2020,20,2016|2017|2014|2018|2007,1.1886|1.2047|1.2264|1.2309|1.2577,0.004615737164763304,0.5981065172308425,0.010387034984619814,0.7333333333333333,-0.0019607843137254832,0.004911591355599265,1,1,0,0.0002958541908359615,0.005475443629020549,0.004911591355599265,0.1615183714923231,0.07111111111111114
2020-08-31,2020,60,2016|2017|2014|2018|2007,1.1886|1.2047|1.2264|1.2309|1.2577,-0.03773323486632152,0.40821444548249275,-0.02466981470287084,0.6,0.1621004566210047,0.12819253438113942,0,0,1,0.16592576924746094,0.15286234908401025,0.12819253438113942,0.35021014253559357,0.16000000000000003
2020-09-30,2020,20,2018|2016|2007|2010|2017,0.8939|0.9547|0.9591|0.9786|1.0036,-0.01397156526422434,0.5904802070178299,-0.02657808037993788,0.4666666666666667,0.0,0.003883495145631022,0,0,0,0.017855060409855364,0.030461575525568902,0.003883495145631022,0.16770646084415947,0.28444444444444444
2020-09-30,2020,60,2018|2016|2007|2010|2017,0.8939|0.9547|0.9591|0.9786|1.0036,-0.0508248407217609,0.1954990505685485,-0.021926448840954658,0.4666666666666667,0.08250131371518643,0.16504854368932032,0,0,1,0.21587338441108123,0.18697499253027497,0.16504854368932032,0.6472217776361068,0.28444444444444444
2020-10-30,2020,20,2010|2007|2017|2016|2013,0.7725|0.7837|0.7909|0.7960|0.8808,-0.03273988915562691,0.20788991110120106,-0.004184050915101664,0.5333333333333333,0.004388103364212581,0.11310679611650487,0,0,1,0.1458466852721318,0.11729084703160654,0.11310679611650487,0.6274383929352632,0.2177777777777778
2020-11-30,2020,20,2009|2006|2016|2005|2017,0.9593|0.9664|0.9671|1.0390|1.0673,0.02154506562054365,0.6066418525170644,0.014752218263382895,0.5333333333333333,0.0957446808510638,0.059135039717564064,1,1,1,0.03758997409702042,0.04438282145418117,0.059135039717564064,0.15473063219120695,0.2177777777777778
2021-04-29,2021,20,2006|2019|2014|2007|2008,0.9536|1.0578|1.1672|1.1856|1.2036,-0.018905650916633692,0.3757432126009603,0.003768019912065275,0.5,0.03458425312729929,-0.03413940256045511,1,0,0,0.01523375164382142,0.03790742247252039,0.03413940256045511,0.14118296181569043,0.25
2021-04-29,2021,60,2006|2019|2014|2007|2008,0.9536|1.0578|1.1672|1.1856|1.2036,0.010170275822769161,0.5846517994451862,0.04717141159016461,0.625,-0.016783216783216814,-0.02951635846372691,0,0,1,0.039686634286496075,0.07668777005389152,0.02951635846372691,0.3418177265944942,0.390625
2021-05-31,2021,20,2019|2008|2006|2016|2012,0.9658|1.0277|1.0667|1.1161|1.1267,-0.01580523872233285,0.40837976504252066,0.004217752670526348,0.5625,-0.008318264014466559,0.003646973012399801,0,1,0,0.01945221173473265,0.0005707796581265467,0.003646973012399801,0.350014502411143,0.19140625
2021-05-31,2021,60,2019|2008|2006|2016|2012,0.9658|1.0277|1.0667|1.1161|1.1267,0.007750649090973501,0.7942561799023571,0.02038993256744797,0.6875,0.012555391432791607,-0.017140773158278555,0,0,0,0.024891422249252056,0.037530705725726525,0.017140773158278555,0.6308428793130855,0.47265625
2021-06-30,2021,20,2019|2016|2014|2013|2015,0.7529|0.9200|0.9900|1.0505|1.0597,0.016867757847300463,0.8226562265348124,0.029695118081029412,0.75,0.009077705156136595,-0.03382511694854251,0,0,0,0.050692874795842974,0.06352023502957192,0.03382511694854251,0.6767632670564966,0.5625
2021-06-30,2021,60,2019|2016|2014|2013|2015,0.7529|0.9200|0.9900|1.0505|1.0597,0.02218399668761654,0.8226562265348124,0.037171460461715926,0.75,0.02357274401473286,0.005037783375315019,1,1,1,0.017146213312301522,0.03213367708640091,0.005037783375315019,0.03145081398687177,0.0625
2021-07-30,2021,20,2019|2013|2006|2012|2014,0.8496|0.9724|0.9745|0.9771|1.0498,0.0036458686359951238,0.5764960977458459,-0.010746556512667031,0.4375,-0.01626898047722347,0.015435501653803696,1,0,0,0.011789633017808571,0.026182058166470727,0.015435501653803696,0.17935555522449614,0.31640625
2021-07-30,2021,60,2019|2013|2006|2012|2014,0.8496|0.9724|0.9745|0.9771|1.0498,0.030235598418114882,0.8170813752490006,-0.019225346117499743,0.625,-0.006571741511500417,0.011025358324145529,1,0,0,0.019210240093969353,0.030250704441645272,0.011025358324145529,0.03345922328079693,0.140625
2021-08-31,2021,20,2019|2016|2014|2013|2018,0.7489|0.7570|0.8755|0.9272|0.9874,0.012384374625091907,0.8060558601622877,0.01004481975780603,0.75,0.013723365836041834,-0.023512646954043315,0,0,0,0.03589702157913522,0.033557466711849344,0.023512646954043315,0.6497260497019655,0.5625
2021-08-31,2021,60,2019|2016|2014|2013|2018,0.7489|0.7570|0.8755|0.9272|0.9874,0.012660705618939208,0.6341028810893837,-0.015115917885120199,0.625,0.022214129643117086,-0.015675097969362173,0,1,0,0.02833580358830138,0.0005591800842419739,0.015675097969362173,0.4020864638058571,0.390625
2021-09-30,2021,20,2019|2017|2016|2014|2013,0.7130|0.7212|0.7426|0.8193|0.9109,0.02957237758788829,0.8108769209335412,-0.024674231909589825,0.5,-0.023512646954043315,-0.009120758847136035,0,1,1,0.038693136435024325,0.01555347306245379,0.009120758847136035,0.6575213809026605,0.25
2021-09-30,2021,60,2019|2017|2016|2014|2013,0.7130|0.7212|0.7426|0.8193|0.9109,0.03634477751985065,0.5765153309168713,-0.01024051180781247,0.5,-0.01932021466905176,0.0437796424662531,1,0,0,0.007434864946402449,0.05402015427406557,0.0437796424662531,0.17933926494844699,0.25
2021-10-29,2021,20,2013|2017|2014|2019|2016,0.8416|0.8458|0.8470|0.8499|0.8795,0.008366432421671647,0.6035324218056165,0.006996162832900291,0.625,-0.009120758847136035,0.01730486008836518,1,1,0,0.008938427666693534,0.010308697255464891,0.01730486008836518,0.1571865405593196,0.140625
2021-11-30,2021,20,2017|2016|2019|2014|2013,0.8529|0.8783|0.9244|0.9453|0.9546,0.011751757077572455,0.38726700422473564,0.01752614460426922,0.5625,0.012844036697247763,0.05289855072463778,1,1,1,0.041146793647065326,0.035372406120368564,0.05289855072463778,0.37544172411173005,0.19140625
2022-04-29,2022,20,2018|2005|2007|2011|2010,0.7869|1.0650|1.1498|1.1894|1.2439,-0.0057989280912681945,0.4530908775469993,0.0015381715313287816,0.47058823529411764,-0.07073258751353306,-0.0015533980582523865,1,0,1,0.004245530033015808,0.0030915695895811683,0.0015533980582523865,0.2052913433163099,0.22145328719723184
2022-04-29,2022,60,2018|2005|2007|2011|2010,0.7869|1.0650|1.1498|1.1894|1.2439,0.06499773616237153,0.651852316893158,0.042660366292876874,0.5882352941176471,-0.09744128987031198,-0.10174757281553393,0,0,1,0.16674530897790546,0.1444079391084108,0.10174757281553393,0.4249114430389781,0.34602076124567477
2022-05-31,2022,20,2020|2018|2005|2010|2012,0.9614|0.9824|0.9985|1.0362|1.2054,0.025955342445016526,0.8290956307092624,0.004184177396518904,0.5882352941176471,0.015649452269170583,-0.08474576271186451,0,0,0,0.11070110515688104,0.08892994010838341,0.08474576271186451,0.6873995648611896,0.34602076124567477
2022-05-31,2022,60,2020|2018|2005|2010|2012,0.9614|0.9824|0.9985|1.0362|1.2054,0.09841413268116168,1.0,0.01818224399534641,0.6470588235294118,-0.07252590210789556,-0.09167950693374427,0,0,1,0.19009363961490594,0.10986175092909067,0.09167950693374427,1.0,0.41868512110726647
2022-06-30,2022,20,2010|2018|2011|2012|2008,0.8869|1.1444|1.1697|1.2442|1.3937,0.030330213314575635,0.6524741555954184,0.025958633667525183,0.7058823529411765,-0.10336817653890829,0.009499136442141731,1,1,0,0.020831076872433903,0.01645949722538345,0.009499136442141731,0.12077421252911744,0.08650519031141866
2022-06-30,2022,60,2010|2018|2011|2012|2008,0.8869|1.1444|1.1697|1.2442|1.3937,0.02635998005981659,0.6407902852424309,0.03528124416251587,0.7647058823529411,-0.15443592552026286,-0.05267702936096719,0,0,1,0.07903700942078377,0.08795827352348307,0.05267702936096719,0.41061218966107593,0.5847750865051903
2022-07-29,2022,20,2010|2012|2018|2011|2006,1.0458|1.1681|1.3555|1.3752|1.3993,-0.005165583946308528,0.39348204656772967,-0.011102977045076385,0.47058823529411764,0.0578216046615867,0.013559322033898313,0,0,1,0.01872490598020684,0.0246622990789747,0.013559322033898313,0.3678640278356696,0.28027681660899656
2022-07-29,2022,60,2010|2012|2018|2011|2006,1.0458|1.1681|1.3555|1.3752|1.3993,0.010446258178442244,0.6330279964945236,-0.0074952090530549355,0.6470588235294118,-0.08704061895551263,-0.18050847457627117,0,1,1,0.19095473275471342,0.17301326552321625,0.18050847457627117,0.40072444434587057,0.41868512110726647
2022-08-31,2022,20,2012|2008|2020|2010|2006,1.1903|1.2770|1.3812|1.4091|1.4744,0.007208653294695622,0.7903495302901108,0.008070851127697246,0.7058823529411765,0.011612903225806326,-0.10799319727891143,0,0,0,0.11520185057360706,0.11606404840660868,0.10799319727891143,0.6246523800297987,0.4982698961937717
2022-08-31,2022,60,2012|2008|2020|2010|2006,1.1903|1.2770|1.3812|1.4091|1.4744,-0.04886218747498463,0.5654206325009369,-0.01514881083125208,0.5882352941176471,-0.0869565217391306,-0.007653061224489721,1,1,1,0.04120912625049491,0.007495749606762359,0.007653061224489721,0.31970049165775954,0.34602076124567477
2022-09-30,2022,20,2011|2015|2020|2010|2018,1.0138|1.1745|1.3834|1.4648|1.4787,-0.019230532999911926,0.6533001775529845,-0.023759321729445483,0.47058823529411764,-0.1016066000868433,-0.04253262445625916,1,1,1,0.023302091456347235,0.018773302726813677,0.04253262445625916,0.4268011219907611,0.22145328719723184
2022-09-30,2022,60,2011|2015|2020|2010|2018,1.0138|1.1745|1.3834|1.4648|1.4787,0.0023532562017812885,0.3585809321589369,-0.007062855674043907,0.5294117647058824,-0.0771632471008028,0.07394876752054125,1,0,0,0.07159551131875996,0.08101162319458516,0.07394876752054125,0.4114184205900984,0.22145328719723184
2022-10-31,2022,20,2011|2015|2010|2018|2005,0.7711|1.0647|1.2791|1.3100|1.3166,-0.011143948614947656,0.33944419940173753,-0.0009965464104603194,0.5294117647058824,-0.04253262445625916,0.15446744068652185,0,0,0,0.1656113893014695,0.15546398709698217,0.15446744068652185,0.4363339657040115,0.22145328719723184
2022-11-30,2022,20,2018|2015|2012|2005|2020,1.2373|1.2422|1.2600|1.2734|1.2968,0.016419805851691664,0.5958298733087991,0.019606874376055603,0.5882352941176471,0.16349999999999998,-0.054576708207993097,0,0,0,0.07099651405968477,0.0741835825840487,0.054576708207993097,0.3550132379271796,0.34602076124567477
2023-04-28,2023,20,2017|2012|2019|2015|2016,0.9198|0.9472|1.0321|1.0444|1.0532,-0.02094822513034243,0.40581741895387763,-0.00045394749588586715,0.4444444444444444,-0.02491694352159468,0.07964224872231673,0,0,0,0.10059047385265917,0.0800961962182026,0.07964224872231673,0.3530529396186317,0.308641975308642
2023-04-28,2023,60,2017|2012|2019|2015|2016,0.9198|0.9472|1.0321|1.0444|1.0532,0.01961080982491359,0.5988628172888072,0.03204352847546586,0.5555555555555556,-0.005927180355630779,0.10306643952299832,1,1,0,0.08345562969808473,0.07102291104753246,0.10306643952299832,0.1609110393534729,0.19753086419753085
2023-05-31,2023,20,2014|2013|2017|2007|2016,0.9255|0.9340|0.9601|1.0121|1.0247,0.038696378987815805,0.7923694639518868,-0.0007563748317246192,0.5555555555555556,0.0717926932880204,0.023384859294490523,1,0,1,0.015311519693325282,0.024141234126215144,0.023384859294490523,0.04311043949962684,0.19753086419753085
2023-05-31,2023,60,2014|2013|2017|2007|2016,0.9255|0.9340|0.9601|1.0121|1.0247,0.056374812130216084,0.7923694639518868,0.012078813388174705,0.6111111111111112,0.05697528278173447,-0.006341656757828051,0,0,0,0.06271646888804414,0.018420470146002756,0.006341656757828051,0.6278493674034004,0.37345679012345684
2023-06-30,2023,20,2017|2014|2007|2016|2021,0.6518|0.6753|0.7884|0.8456|0.9358,0.014801155344159956,0.8364720391859012,0.02504421715500388,0.7222222222222222,0.023384859294490523,0.0030983733539891034,1,1,1,0.011702781990170852,0.021945843801014775,0.0030983733539891034,0.02674139396801744,0.0771604938271605
2023-06-30,2023,60,2017|2014|2007|2016|2021,0.6518|0.6753|0.7884|0.8456|0.9358,0.030544664464518836,1.0,0.030394673411211257,0.7222222222222222,0.07048092868988398,-0.042989930286599476,0,0,0,0.07353459475111832,0.07338460369781073,0.042989930286599476,1.0,0.5216049382716049
2023-07-31,2023,20,2014|2017|2016|2019|2021,0.5195|0.5524|0.7584|0.8094|0.9177,0.015549425541285184,0.8325581995611768,-0.006363483784565977,0.5,-0.014537107880642552,-0.021350931677018736,0,1,1,0.03690035721830392,0.014987447892452758,0.021350931677018736,0.6931531556565483,0.25
2023-07-31,2023,60,2014|2017|2016|2019|2021,0.5195|0.5524|0.7584|0.8094|0.9177,0.02181182858406077,0.739145699573045,-0.024894871295757195,0.5555555555555556,0.0989761092150172,-0.05046583850931685,0,1,0,0.07227766709337763,0.025570967213559656,0.05046583850931685,0.5463363651973261,0.308641975308642
2023-08-31,2023,20,2016|2014|2021|2017|2019,0.7015|0.7060|0.7080|0.7428|0.7444,-0.0061894153567208,0.3987388054148963,0.001622848438441207,0.6666666666666666,-0.016816581931951458,-0.024264120922832144,1,0,1,0.018074705566111345,0.02588696936127335,0.024264120922832144,0.15899263494369856,0.4444444444444444
2023-08-31,2023,60,2016|2014|2021|2017|2019,0.7015|0.7060|0.7080|0.7428|0.7444,0.025580328806178852,0.5926157829484902,-0.01473238029754306,0.5555555555555556,-0.005144440047487042,0.04415274463007157,1,0,0,0.01857241582389272,0.058885124927614635,0.04415274463007157,0.1659619003026717,0.19753086419753085
2023-09-28,2023,20,2014|2017|2021|2016|2019,0.6002|0.6135|0.6758|0.7903|0.8367,0.016556786482889822,0.5652791119709585,-0.028403004205437645,0.5,-0.024264120922832144,-0.012229922543823935,0,1,1,0.028786709026713757,0.01617308166161371,0.012229922543823935,0.3195404744306754,0.25
2023-09-28,2023,60,2014|2017|2021|2016|2019,0.6002|0.6135|0.6758|0.7903|0.8367,0.0329367196221877,0.8251429407585232,-0.005920886343765413,0.6111111111111112,-0.06230886850152906,0.09457806767223809,1,0,0,0.061641348050050386,0.1004989540160035,0.09457806767223809,0.030574991166577314,0.15123456790123452
2023-10-31,2023,20,2014|2021|2017|2016|2013,0.5762|0.7206|0.7677|0.7950|0.8229,0.004602768466586982,0.4527216049996075,0.007640341761594245,0.5555555555555556,-0.012229922543823935,0.08336772595955422,1,1,0,0.07876495749296723,0.07572738419795998,0.08336772595955422,0.2995136416342057,0.19753086419753085
2023-11-30,2023,20,2021|2009|2017|2016|2020,0.7233|0.8390|0.8446|0.8544|0.8725,0.03242023575883941,0.6124490642599546,0.015485564232497343,0.5555555555555556,0.055020080321285025,0.03349828701941382,1,1,1,0.0010780512605744128,0.01801272278691648,0.03349828701941382,0.1501957277929848,0.19753086419753085
2024-04-30,2024,20,2016|2019|2008|2015|2017,0.7853|0.8491|0.8602|0.9314|0.9471,-0.010580047273661517,0.40556771588751633,0.002355800084300913,0.42105263157894735,0.002216592780240667,0.07962085308056865,0,1,1,0.09020090035423017,0.07726505299626774,0.07962085308056865,0.3533497403951844,0.33518005540166207
2024-04-30,2024,60,2016|2019|2008|2015|2017,0.7853|0.8491|0.8602|0.9314|0.9471,0.007158892147378356,0.6106316940099076,0.03405282699155916,0.5789473684210527,0.1805296531145093,0.14123222748815167,1,1,1,0.13407333534077331,0.10717940049659251,0.14123222748815167,0.15160767770959424,0.17728531855955676
2024-05-31,2024,20,2014|2023|2017|2013|2016,0.6516|0.7569|0.8112|0.8159|0.8809,0.02734700120449496,0.8099701248848408,0.0005142164380761777,0.5789473684210527,0.05766167569289582,0.12409638554216862,1,1,1,0.09674938433767366,0.12358216910409243,0.12409638554216862,0.036111353436283015,0.17728531855955676
2024-05-31,2024,60,2014|2023|2017|2013|2016,0.6516|0.7569|0.8112|0.8159|0.8809,0.044061121562397144,0.6051180086153984,0.011109314959437719,0.5789473684210527,0.12048599392507597,0.10240963855421681,1,1,1,0.058348516991819664,0.09130032359477909,0.10240963855421681,0.15593178711986855,0.17728531855955676
2024-06-28,2024,20,2017|2014|2023|2019|2016,0.8393|0.9145|0.9323|0.9939|0.9948,0.03229921502141449,0.8002201562687775,0.024471226471730757,0.631578947368421,0.11048243001786773,-0.03137570394207556,0,0,0,0.06367491896349005,0.05584693041380632,0.03137570394207556,0.6403522984988267,0.39889196675900274
2024-06-28,2024,60,2017|2014|2023|2019|2016,0.8393|0.9145|0.9323|0.9939|0.9948,0.029573707596594882,0.8002201562687775,0.032667295402647435,0.631578947368421,0.18456162642947893,0.006972378653794742,1,1,1,0.02260132894280014,0.025694916748852693,0.006972378653794742,0.03991198596127168,0.1357340720221607
2024-07-31,2024,20,2023|2014|2017|2016|2009,0.7541|0.7785|0.8770|0.9544|1.0533,0.008906025470116038,0.6041226756993087,-0.007152296831537175,0.47368421052631576,-0.03081457663451237,0.011888305225324913,1,0,0,0.0029822797552088755,0.019040602056862088,0.011888305225324913,0.15671885589547474,0.27700831024930755
2024-07-31,2024,60,2023|2014|2017|2016|2009,0.7541|0.7785|0.8770|0.9544|1.0533,0.009818820126787453,0.5458145886690654,-0.026240711675418228,0.5263157894736842,0.1522777954762664,0.05888858169753952,1,0,1,0.04906976157075207,0.08512929337295774,0.05888858169753952,0.20628438786585027,0.22437673130193908
2024-08-30,2024,20,2009|2007|2014|2023|2016,0.9656|1.0416|1.1004|1.1930|1.2099,0.021861056948954134,0.6176602922181716,-0.0020221867577137707,0.47368421052631576,0.0380652547223812,0.014336917562723928,1,0,1,0.007524139386230207,0.016359104320437697,0.014336917562723928,0.1461836521466939,0.27700831024930755
2024-08-30,2024,60,2009|2007|2014|2023|2016,0.9656|1.0416|1.1004|1.1930|1.2099,0.01762917788693906,0.5909920544710905,-0.010147580918073025,0.631578947368421,0.08690440515433018,0.032533774469258425,1,0,1,0.014904596582319365,0.04268135538733145,0.032533774469258425,0.1672874995057794,0.1357340720221607
2024-09-30,2024,20,2007|2016|2017|2009|2023,0.7655|0.8990|0.9265|0.9407|0.9423,0.013208407763865549,0.6221832855588038,-0.02414057981056086,0.42105263157894735,0.014336917562723928,0.03560750203859753,1,0,1,0.022399094274731978,0.05974808184915839,0.03560750203859753,0.14274546971114044,0.33518005540166207
2024-09-30,2024,60,2007|2016|2017|2009|2023,0.7655|0.8990|0.9265|0.9407|0.9423,-0.013017341288903144,0.3778167144411962,0.0025504362491596266,0.5789473684210527,-0.0194562899786781,0.08127208480565384,0,1,0,0.09428942609455698,0.07872164855649422,0.08127208480565384,0.38711204082874806,0.17728531855955676
2024-10-30,2024,20,2007|2009|2016|2017|2014,0.5453|0.7079|0.7406|0.7690|0.7797,-0.02966876782970609,0.37538004610218323,0.017366074105909735,0.631578947368421,0.015352038115405087,-0.026068821689259614,1,0,0,0.003599946140446477,0.04343489579516935,0.026068821689259614,0.1409101790116772,0.39889196675900274
2024-11-29,2024,20,2016|2017|2014|2009|2019,0.5503|0.5743|0.5910|0.6222|0.6584,0.011086802832110696,0.37319269644453446,0.014301160127200004,0.5789473684210527,-0.017060367454068248,0.06221628838451276,1,1,0,0.05112948555240207,0.047915128257312756,0.06221628838451276,0.39288739579047355,0.17728531855955676
2025-04-30,2025,20,2022|2020|2018|2005|2011,1.1629|1.4498|1.4617|1.5055|1.7246,-0.0038060695684369473,0.19671658670020892,0.0062190527341143,0.45,-0.02402315484804629,0.06613285883748521,0,1,0,0.06993892840592215,0.05991380610337091,0.06613285883748521,0.6452642420825628,0.30250000000000005
2025-04-30,2025,60,2022|2020|2018|2005|2011,1.1629|1.4498|1.4617|1.5055|1.7246,0.03924780342098894,0.5860297847818129,0.03941179701638879,0.6,-0.15148465022647206,-0.6969157769869514,0,0,1,0.7361635804079404,0.7363275740033401,0.6969157769869514,0.34343090865141795,0.36
2025-05-29,2025,20,2020|2022|2018|2005|2012,0.7521|1.0892|1.2201|1.2936|1.4832,0.01272636545832834,0.46575200337999795,0.00485747487143724,0.55,0.06613285883748521,-0.7281780250347705,0,0,0,0.7409043904930989,0.7330354999062078,0.7281780250347705,0.2169249286524816,0.30250000000000005
2025-05-29,2025,60,2020|2022|2018|2005|2012,0.7521|1.0892|1.2201|1.2936|1.4832,0.08222089404551729,0.7966378543871369,0.015246709764907057,0.6,-0.044137197553842156,-0.7079276773296245,0,0,1,0.7901485713751417,0.7231743870945315,0.7079276773296245,0.634631871042541,0.36
2025-06-30,2025,20,2022|2010|2011|2018|2012,1.7470|2.0247|2.0802|2.1451|2.1637,0.035701892448345755,0.8132904013829944,0.02112592891009917,0.7,-0.7325960740945535,0.055624483043837936,1,1,0,0.01992259059549218,0.03449855413373877,0.055624483043837936,0.03486047421572336,0.09000000000000002
2025-06-30,2025,60,2022|2010|2011|2018|2012,1.7470|2.0247|2.0802|2.1451|2.1637,0.023375318842384956,0.5745580673470939,0.025554328488449896,0.7,-0.7380991064175467,0.1869313482216708,1,1,0,0.16355602937928584,0.16137701973322088,0.1869313482216708,0.18100083805943987,0.09000000000000002
2025-07-31,2025,20,2022|2012|2011|2008|2006,1.4100|1.7110|1.7199|1.7644|1.8032,-0.004039834453461301,0.8059605361424016,-0.006200266728694071,0.5,0.04521492295214924,0.018428709990300662,0,0,1,0.022468544443761965,0.024628976718994732,0.018428709990300662,0.037651313534144235,0.25
2025-07-31,2025,60,2022|2012|2011|2008|2006,1.4100|1.7110|1.7199|1.7644|1.8032,-0.11677164341972732,0.18507438308810578,-0.02198424700677034,0.55,-0.6927890345649583,0.24927255092143574,0,0,0,0.3660441943411631,0.27125679792820606,0.24927255092143574,0.6641037610992314,0.20249999999999996
2025-08-29,2025,20,2022|2008|2012|2015|2010,1.3169|1.5431|1.8361|1.8691|1.8798,-0.026973072043457585,0.5338199547656968,0.006274354538141402,0.6,0.02739726027397249,0.09047619047619038,0,1,1,0.11744926251964796,0.08420183593804897,0.09047619047619038,0.217323834574657,0.16000000000000003
2025-08-29,2025,60,2022|2008|2012|2015|2010,1.3169|1.5431|1.8361|1.8691|1.8798,-0.08954654980337949,0.3534201278997155,-0.005292173764992613,0.65,-0.7079276773296245,0.17904761904761912,0,0,0,0.2685941688509986,0.18433979281261173,0.17904761904761912,0.4180655310052202,0.12249999999999998
2025-09-30,2025,20,2022|2015|2010|2012|2011,1.1369|1.4121|1.4518|1.4930|1.4979,-0.026829059893834124,0.38068438208737676,-0.02115317571810294,0.45,0.11153846153846159,0.1202422145328721,0,0,1,0.14707127442670623,0.14139539025097503,0.1202422145328721,0.38355183459049436,0.30250000000000005
2025-09-30,2025,60,2022|2015|2010|2012|2011,1.1369|1.4121|1.4518|1.4930|1.4979,0.009840393011624076,0.4339832266627305,0.006486518676984338,0.6,0.19003500102944204,0.12889273356401398,1,1,1,0.1190523405523899,0.12240621488702964,0.12889273356401398,0.3203749876991339,0.16000000000000003
2025-10-31,2025,20,2022|2011|2015|2010|2020,1.1558|1.3215|1.3415|1.5732|1.6677,0.03861814050615733,0.5830444694751422,0.009741252798949551,0.55,0.1202422145328721,-0.037065637065637036,0,0,0,0.07568377757179437,0.04680688986458659,0.037065637065637036,0.33994085338555,0.30250000000000005
2025-11-28,2025,20,2022|2015|2011|2012|2018,1.0504|1.1311|1.2429|1.4204|1.4928,-0.004085226627387806,0.3757734051364293,0.014641107813156678,0.6,-0.037065637065637036,0.04651162790697683,0,1,0,0.05059685453436463,0.031870520093820146,0.04651162790697683,0.3896588417349684,0.16000000000000003
2026-04-30,2026,20,2024|2019|2008|2015|2009,1.0272|1.0276|1.1198|1.1250|1.1327,0.021486261470950195,0.4025586851412559,0.009072091119989105,0.47619047619047616,0.2508638562543193,0.16574585635359118,1,1,1,0.14425959488264098,0.15667376523360207,0.16574585635359118,0.35693612470014496,0.2743764172335601
2026-04-30,2026,60,2024|2019|2008|2015|2009,1.0272|1.0276|1.1198|1.1250|1.1327,0.01956491945309148,0.6135890942357338,0.004348579206705923,0.5714285714285714,0.26044568245125355,0.0353591160220994,1,1,1,0.01579419656900792,0.03101053681539348,0.0353591160220994,0.1493133880935606,0.18367346938775514
2026-05-29,2026,20,2024|2013|2014|2017|2009,0.9328|1.1391|1.1472|1.1824|1.2581,0.013334406693866301,0.6251278414955275,-0.03004897750504884,0.5238095238095238,0.16143250688705235,-0.009013282732447836,0,1,0,0.022347689426314137,0.021035694772601005,0.009013282732447836,0.3907848182128573,0.2743764172335601
2026-05-29,2026,60,2024|2013|2014|2017|2009,0.9328|1.1391|1.1472|1.1824|1.2581,0.02830053267842884,0.6251278414955275,-0.019190165811023015,0.5714285714285714,0.31176104542626026,-0.009487666034155628,0,1,0,0.03778819871258447,0.009702499776867386,0.009487666034155628,0.3907848182128573,0.32653061224489793
2026-06-30,2026,20,2024|2014|2017|2009|2023,0.5398|0.7021|0.7178|0.7478|0.8308,0.022891939752473278,0.7430930364731027,0.022768717202181966,0.7142857142857143,0.02180094786729847,-0.13079777365491652,0,0,0,0.1536897134073898,0.15356649085709848,0.13079777365491652,0.5521872608548158,0.5102040816326531
2026-06-30,2026,60,2024|2014|2017|2009|2023,0.5398|0.7021|0.7178|0.7478|0.8308,0.03366795993685507,0.8330812437355206,0.03323894847574613,0.7142857142857143,0.4899792674498964,,,,,,,,,
2026-07-31,2026,20,2024|2014|2017|2023|2006,0.7274|1.0087|1.0680|1.0777|1.2878,0.0132480185272021,0.8146726840320027,-0.005027458313503845,0.5238095238095238,-0.0546875,0.03986387943607195,1,0,0,0.026615860908869846,0.044891337749575794,0.03986387943607195,0.034346214043901924,0.22675736961451246
2026-07-31,2026,60,2024|2014|2017|2023|2006,0.7274|1.0087|1.0680|1.0777|1.2878,0.021434718262104527,0.6166749404065691,-0.009067256629236718,0.5714285714285714,0.08720930232558133,,,,,,,,,
2026-08-31,2026,20,2014|2024|2017|2009|2023,0.6019|0.7151|0.7196|0.7664|0.7830,-0.0077758449973878265,0.3844417436607814,0.00522667900038209,0.6666666666666666,0.04166666666666674,,,,,,,,,
2026-08-31,2026,60,2014|2024|2017|2009|2023,0.6019|0.7151|0.7196|0.7664|0.7830,0.028283823091957632,0.7637102505718684,-0.0004499384385155218,0.6190476190476191,0.001413760603204528,,,,,,,,,
2026-09-04,2026,20,2014|2024|2009|2017|2023,0.5893|0.6682|0.6769|0.7366|0.7418,0.01047651830282331,0.4031674456054194,0.010895873503815061,0.6190476190476191,0.0491006319883327,,,,,,,,,
2026-09-04,2026,60,2014|2024|2009|2017|2023,0.5893|0.6682|0.6769|0.7366|0.7418,0.03436863864130625,0.7699546615791701,0.005567631647691077,0.6666666666666666,0.0763092269326684,,,,,,,,,
