symbol,fold,train_start,train_end,val_start,val_end,test_start,test_end,k_train_q333,direction_accuracy,brier,log_loss,mae_return,test_n,seed
2345,0,2023-02-10,2025-03-13,2025-03-14,2025-09-11,2025-09-26,2025-10-29,0.39929396218106067,0.3,0.7007927332720304,1.1478091798350445,0.028220725645989257,20,20260928
2345,1,2023-03-14,2025-04-14,2025-04-15,2025-10-14,2025-10-30,2025-11-26,0.41353244874288353,0.4,0.7243054944082028,1.2182572904603757,0.03230310669025888,20,20260928
2345,2,2023-04-14,2025-05-13,2025-05-14,2025-11-12,2025-11-27,2025-12-24,0.4101966484117654,0.45,0.6417334393306866,1.0663188880161973,0.025565563131458212,20,20260928
2345,3,2023-05-15,2025-06-11,2025-06-12,2025-12-10,2025-12-26,2026-01-23,0.4101966484117654,0.35,0.6942735790757915,1.1453920682704049,0.023682031489640952,20,20260928
2345,4,2023-06-12,2025-07-09,2025-07-10,2026-01-09,2026-01-26,2026-03-04,0.42257159548735157,0.5,0.6641103341165332,1.0883642752581955,0.03574907575002255,20,20260928
2345,5,2023-07-12,2025-08-06,2025-08-07,2026-02-06,2026-03-05,2026-04-01,0.4101966484117654,0.45,0.7157083571242284,1.2205317510422518,0.04136005326999616,20,20260928
2345,6,2023-08-10,2025-09-03,2025-09-04,2026-03-18,2026-04-02,2026-05-04,0.3967582787913222,0.35,0.7192621706741196,1.117424483098682,0.03513213341115588,20,20260928
2345,7,2023-09-07,2025-10-02,2025-10-03,2026-04-17,2026-05-05,2026-06-01,0.41353244874288353,0.25,0.793435657878948,1.3053766584054347,0.03884183258654421,20,20260928
2345,8,2023-10-06,2025-11-04,2025-11-05,2026-05-18,2026-06-02,2026-06-30,0.4176670486136163,0.35,0.6991531721265277,1.1835355641791616,0.03246273823325416,20,20260928
2345,9,2023-11-07,2025-12-02,2025-12-03,2026-06-15,2026-07-01,2026-07-29,0.4072046533697235,0.3,0.7710813626100911,1.290429684947988,0.0355647132489595,20,20260928
2345,10,2023-12-05,2025-12-31,2026-01-02,2026-07-15,2026-07-30,2026-08-26,0.40187481274391096,0.4,0.6342670092501448,1.049654072771419,0.029040887956500016,20,20260928
2345,11,2024-01-03,2026-01-29,2026-01-30,2026-08-12,2026-08-27,2026-09-23,0.4072046533697235,0.45,0.6593577424155294,1.0967246439858256,0.025418368638986184,20,20260928
3017,0,2023-02-10,2025-03-13,2025-03-14,2025-09-11,2025-09-26,2025-10-29,0.34843043843910904,0.4,0.6568468390818782,1.0937695575762976,0.030256076786716705,20,20260928
3017,1,2023-03-14,2025-04-14,2025-04-15,2025-10-14,2025-10-30,2025-11-26,0.35123539380751373,0.4,0.7000317647098819,1.1577075133782433,0.029855568960311073,20,20260928
3017,2,2023-04-14,2025-05-13,2025-05-14,2025-11-12,2025-11-27,2025-12-24,0.34872110632865744,0.35,0.6648019516202547,1.090350770817499,0.019034197005304447,20,20260928
3017,3,2023-05-15,2025-06-11,2025-06-12,2025-12-10,2025-12-26,2026-01-23,0.3379844960837147,0.35,0.685172400937275,1.1285158055554272,0.023004732771588217,20,20260928
3017,4,2023-06-12,2025-07-09,2025-07-10,2026-01-09,2026-01-26,2026-03-04,0.33536452109206655,0.15,0.7107824570418869,1.1556121498795457,0.030268351207371934,20,20260928
3017,5,2023-07-12,2025-08-06,2025-08-07,2026-02-06,2026-03-05,2026-04-01,0.33536452109206655,0.45,0.6581426698340752,1.1077640841790997,0.04225193064457431,20,20260928
3017,6,2023-08-10,2025-09-03,2025-09-04,2026-03-18,2026-04-02,2026-05-04,0.3365514985255177,0.35,0.7794096620695943,1.2912858878214637,0.03503114437289638,20,20260928
3017,7,2023-09-07,2025-10-02,2025-10-03,2026-04-17,2026-05-05,2026-06-01,0.34210990963681653,0.45,0.7132836558744536,1.1858185858867074,0.030611194542584142,20,20260928
3017,8,2023-10-06,2025-11-04,2025-11-05,2026-05-18,2026-06-02,2026-06-30,0.3485790427352053,0.45,0.7135218922422435,1.1808888855927377,0.03211853270468756,20,20260928
3017,9,2023-11-07,2025-12-02,2025-12-03,2026-06-15,2026-07-01,2026-07-29,0.34210990963681653,0.5,0.6836073699653499,1.1352707350696445,0.037537885696316026,20,20260928
3017,10,2023-12-05,2025-12-31,2026-01-02,2026-07-15,2026-07-30,2026-08-26,0.3523402887855239,0.3,0.7768776953064293,1.2600817273501943,0.04194344375556299,20,20260928
3017,11,2024-01-03,2026-01-29,2026-01-30,2026-08-12,2026-08-27,2026-09-23,0.3550849595393709,0.4,0.6642203120059096,1.1025273361240155,0.02729202071530783,20,20260928
3189,0,2023-02-10,2025-03-13,2025-03-14,2025-09-11,2025-09-26,2025-10-29,0.3746582514000129,0.4,0.7172423673273485,1.2107277512228412,0.03963240268859004,20,20260928
3189,1,2023-03-14,2025-04-14,2025-04-15,2025-10-14,2025-10-30,2025-11-26,0.37181939167072264,0.45,0.6582222338363947,1.1091913528905604,0.03185180413307952,20,20260928
3189,2,2023-04-14,2025-05-13,2025-05-14,2025-11-12,2025-11-27,2025-12-24,0.36295447290912686,0.55,0.6229750151022924,1.0436034917008676,0.025667384050394315,20,20260928
3189,3,2023-05-15,2025-06-11,2025-06-12,2025-12-10,2025-12-26,2026-01-23,0.33814750393212456,0.1,0.8154662280468825,1.3441238186124034,0.039817368254294556,20,20260928
3189,4,2023-06-12,2025-07-09,2025-07-10,2026-01-09,2026-01-26,2026-03-04,0.323592528116431,0.15,0.8925424831516601,1.4967765114212412,0.056688458049961456,20,20260928
3189,5,2023-07-12,2025-08-06,2025-08-07,2026-02-06,2026-03-05,2026-04-01,0.3202568752873229,0.35,0.7221129608840641,1.2220369396080777,0.04813847496614437,20,20260928
3189,6,2023-08-10,2025-09-03,2025-09-04,2026-03-18,2026-04-02,2026-05-04,0.3114561480251335,0.4,0.7501810721434375,1.2571034191893438,0.03937374331712379,20,20260928
3189,7,2023-09-07,2025-10-02,2025-10-03,2026-04-17,2026-05-05,2026-06-01,0.3143210833073353,0.2,0.9451281015289015,1.6234681678861165,0.05328913133835665,20,20260928
3189,8,2023-10-06,2025-11-04,2025-11-05,2026-05-18,2026-06-02,2026-06-30,0.3137484636548877,0.2,0.7721748139813414,1.2516766251234186,0.04892439166429381,20,20260928
3189,9,2023-11-07,2025-12-02,2025-12-03,2026-06-15,2026-07-01,2026-07-29,0.3079459260180975,0.3,0.7868719868527616,1.2554559830856584,0.058983523562759675,20,20260928
3189,10,2023-12-05,2025-12-31,2026-01-02,2026-07-15,2026-07-30,2026-08-26,0.3079459260180975,0.4,0.6829409743140514,1.1409252542644863,0.0398401270031989,20,20260928
3189,11,2024-01-03,2026-01-29,2026-01-30,2026-08-12,2026-08-27,2026-09-23,0.3154153292965181,0.45,0.6373678599425578,1.0546982151102238,0.03461406453963073,20,20260928
3443,0,2023-02-10,2025-03-13,2025-03-14,2025-09-11,2025-09-26,2025-10-29,0.37157918326055367,0.35,0.7210137446149516,1.1893978978179593,0.02999548179061635,20,20260928
3443,1,2023-03-14,2025-04-14,2025-04-15,2025-10-14,2025-10-30,2025-11-26,0.3758304247203814,0.4,0.6588152990032564,1.0966295170925469,0.04067499825228911,20,20260928
3443,2,2023-04-14,2025-05-13,2025-05-14,2025-11-12,2025-11-27,2025-12-24,0.36122357615861905,0.4,0.677738580441933,1.116034807918026,0.026116955642765068,20,20260928
3443,3,2023-05-15,2025-06-11,2025-06-12,2025-12-10,2025-12-26,2026-01-23,0.37157918326055367,0.4,0.6504446518872905,1.0676646972665187,0.027589576494885505,20,20260928
3443,4,2023-06-12,2025-07-09,2025-07-10,2026-01-09,2026-01-26,2026-03-04,0.36122357615861905,0.1,0.7684490709913956,1.2295531155091854,0.03860951462689189,20,20260928
3443,5,2023-07-12,2025-08-06,2025-08-07,2026-02-06,2026-03-05,2026-04-01,0.37157918326055367,0.3,0.6808009280759896,1.1112957101153742,0.03669687072191713,20,20260928
3443,6,2023-08-10,2025-09-03,2025-09-04,2026-03-18,2026-04-02,2026-05-04,0.36970634209386005,0.2,0.9055723317925597,1.4939386550704583,0.046131433474410934,20,20260928
3443,7,2023-09-07,2025-10-02,2025-10-03,2026-04-17,2026-05-05,2026-06-01,0.3742680477802375,0.2,0.9511383635955146,1.52640338317025,0.04363665728491919,20,20260928
3443,8,2023-10-06,2025-11-04,2025-11-05,2026-05-18,2026-06-02,2026-06-30,0.3742680477802375,0.35,0.7829594557531706,1.2740113808115274,0.03835238739155721,20,20260928
3443,9,2023-11-07,2025-12-02,2025-12-03,2026-06-15,2026-07-01,2026-07-29,0.36970634209386005,0.4,0.7464825105323756,1.210936052372892,0.04783236465175512,20,20260928
3443,10,2023-12-05,2025-12-31,2026-01-02,2026-07-15,2026-07-30,2026-08-26,0.3558093755010815,0.3,0.8962198736601149,1.42548515640305,0.04755338487887182,20,20260928
3443,11,2024-01-03,2026-01-29,2026-01-30,2026-08-12,2026-08-27,2026-09-23,0.3548696196419704,0.3,0.7093815369180692,1.1735042478805076,0.03098682040663723,20,20260928
6526,0,2023-11-16,2025-12-11,2025-12-12,2026-06-25,2026-07-13,2026-08-07,0.33960190527475653,0.35,0.6613768497840551,1.071229594172297,0.03545399159325412,20,20260928
6526,1,2023-12-14,2026-01-12,2026-01-13,2026-07-24,2026-08-10,2026-09-04,0.34389932496851855,0.3,0.6824022235811881,1.134255852658066,0.020362168796879562,20,20260928
