symbol,fold,train_start,train_end,val_start,val_end,test_start,test_end,k_train_q333,direction_accuracy,brier,log_loss,mae_return,coverage,abstain_count,test_n,entropy_q95,quantile_width_q95,latent_md_q995,model_sha256,seed
2345,0,2023-05-12,2025-06-10,2025-06-11,2025-12-09,2025-12-24,2026-01-22,0.4065470239615637,0.3,0.6779768349429809,1.1174952983856201,0.025713729685891203,0.5,10,20,1.0983701944351196,0.11136171221733093,10.472632693838973,fa26d9c6aaba2e3830051d9243c609fa37e8237b3b83b8968bf6162870b982a1,20260928
2345,1,2023-06-09,2025-07-08,2025-07-09,2026-01-08,2026-01-23,2026-03-03,0.42257159548735157,0.3,0.6768425460430232,1.1131951808929443,0.04415860507712033,0.5,10,20,1.0980901718139648,0.12135881185531616,10.042949975004039,a08a1c47dc3be7a030c14e517cb656e71423d9bc42d3112f36bcd2a7f0edaa6b,20260928
2345,2,2023-07-11,2025-08-05,2025-08-06,2026-02-05,2026-03-04,2026-03-31,0.4101966484117654,,,,,0.0,20,20,1.0968985557556152,0.14719431102275848,10.431526856180941,c60c23bb57afd2b00f49598891720bc997929250f386caa0df0ab8f29edb91bc,20260928
2345,3,2023-08-09,2025-09-02,2025-09-03,2026-03-17,2026-04-01,2026-04-30,0.39929396218106067,0.0,0.7125647125677306,1.151506781578064,0.09796574523006626,0.05,19,20,1.0978771448135376,0.1633107215166092,9.757447210799095,9d48fa27a165c310327c39ec8c9b1cac67ea6ce378f3502fe23027c66ec1f417,20260928
2345,4,2023-09-06,2025-10-01,2025-10-02,2026-04-16,2026-05-04,2026-05-29,0.4101966484117654,0.25,0.7134320674453547,1.1745046377182007,0.034964102210543406,0.2,16,20,1.0982537269592285,0.2514447271823883,10.037468698213944,c30469465edf1c207b491767ff8be83bb76fa7b5ecf7a3d5f4b7bd03578743c5,20260928
2345,5,2023-10-05,2025-11-03,2025-11-04,2026-05-15,2026-06-01,2026-06-29,0.41353244874288353,0.4,0.6601592064031359,1.0908187627792358,0.03242565612355803,0.25,15,20,1.0985512733459473,0.24598847329616547,10.194080514642147,8eeb210bc5d2fe840eed565607f81bb6058e82791bad6abe697d4d31dcb50546,20260928
2345,6,2023-11-06,2025-12-01,2025-12-02,2026-06-12,2026-06-30,2026-07-28,0.4072046533697235,0.14285714285714285,0.6802398317610991,1.1173135042190552,0.036892227962100246,0.35,13,20,1.0982190370559692,0.2351209819316864,9.993715778279835,f8ec2907d6234525e8f0712e5dfd4df9104fd30eda36b1f2b045c0ca64ea4e41,20260928
2345,7,2023-12-04,2025-12-30,2025-12-31,2026-07-14,2026-07-29,2026-08-25,0.40187481274391096,0.0,0.7085743235483487,1.1596604585647583,0.08607400674122345,0.3,14,20,1.09757399559021,0.31299757957458496,9.747693995141372,34791dcc98a85c931a4ed52268b64735f41062873d4472b68c9376c3f68029c4,20260928
2345,8,2024-01-02,2026-01-28,2026-01-29,2026-08-11,2026-08-26,2026-09-22,0.4036008801702842,0.25,0.6521906398763611,1.0742864608764648,0.012606295775091116,0.2,16,20,1.0969727039337158,0.29556357860565186,9.779619237578721,dc617070852c1228688be18bfd716dd776a17a60d3c668814a570760d9e40f02,20260928
3017,0,2023-05-12,2025-06-10,2025-06-11,2025-12-09,2025-12-24,2026-01-22,0.3379844960837147,0.3333333333333333,0.6583429637359465,1.084006905555725,0.02989699443918827,0.3,14,20,1.095913052558899,0.17767667770385742,10.294609623875171,a20c4448f4a16bb69ac838216c8cc514ab44f8995083e12e6c27dc71ee18a2c4,20260928
3017,1,2023-06-09,2025-07-08,2025-07-09,2026-01-08,2026-01-23,2026-03-03,0.33536452109206655,0.5555555555555556,0.643933039751153,1.0646562576293945,0.026936715542662568,0.45,11,20,1.0972816944122314,0.1897870898246765,10.560608392177441,bb4eed01768a8bc49605d7cbfb0db1e87ea438dac15b3a3f269f7f51fe0c27c9,20260928
3017,2,2023-07-11,2025-08-05,2025-08-06,2026-02-05,2026-03-04,2026-03-31,0.33536452109206655,,,,,0.0,20,20,1.0981398820877075,0.10002083331346512,9.848097573433602,89f747f955724a2715a0d152f909361f5b5f09bdbd21a45d5b0ffb1d9c536260,20260928
3017,3,2023-08-09,2025-09-02,2025-09-03,2026-03-17,2026-04-01,2026-04-30,0.3379844960837147,,,,,0.0,20,20,1.097597599029541,0.15859079360961914,10.430250606179579,01a597980fd62f36f73287983db692dd6b6dd42fd4a8598d0cee5588f2c8a9c1,20260928
3017,4,2023-09-06,2025-10-01,2025-10-02,2026-04-16,2026-05-04,2026-05-29,0.34058498240407137,0.2222222222222222,0.6736575666736263,1.107724905014038,0.0858916583948769,0.45,11,20,1.0972107648849487,0.12814666330814362,10.422092722605305,d0c31a512f9a17a8fe3d98f1acf93c388231852426ad09f259a402f7fb3c6e00,20260928
3017,5,2023-10-05,2025-11-03,2025-11-04,2026-05-15,2026-06-01,2026-06-29,0.3485790427352053,0.14285714285714285,0.7016606215833626,1.1528044939041138,0.0719164512571563,0.35,13,20,1.0975053310394287,0.29395750164985657,10.235695959911089,68ac48e61d8e799b97f8c1fa476fb0cdbfc1378f7180824a077d3280a6cf1653,20260928
3017,6,2023-11-06,2025-12-01,2025-12-02,2026-06-12,2026-06-30,2026-07-28,0.34058498240407137,0.2857142857142857,0.6776171300754006,1.1148014068603516,0.05226753052719342,0.35,13,20,1.0983810424804688,0.20021206140518188,10.203241483617226,3c7d4fc7c1e79d05c8d201c815e2ebc7e5ab5ab13ae639ee73bbab9cb03c0c6b,20260928
3017,7,2023-12-04,2025-12-30,2025-12-31,2026-07-14,2026-07-29,2026-08-25,0.3523402887855239,0.5,0.6765525308759273,1.1159303188323975,0.04311934394533465,0.1,18,20,1.0983027219772339,0.2981078624725342,10.069497381725807,7b083b830bd111596588afeb0b814f6e4cffd38ff8411e7060bcecdcd6f7cf49,20260928
3017,8,2024-01-02,2026-01-28,2026-01-29,2026-08-11,2026-08-26,2026-09-22,0.35453115746617264,0.6666666666666666,0.6218145108784183,1.0289011001586914,0.05245793043804987,0.15,17,20,1.0967702865600586,0.19409452378749847,10.077461321404604,14aae03275f68967bd14676a56cfa0ccc5b333d9258ce075375f9d1048e83c62,20260928
3189,0,2023-05-12,2025-06-10,2025-06-11,2025-12-09,2025-12-24,2026-01-22,0.3443203860562929,0.09090909090909091,0.7172905709732746,1.1748627424240112,0.04892885766610089,0.55,9,20,1.0985480546951294,0.14135098457336426,10.35853531503471,a8d2412b3b2f55d319359d3a73fb912a1b05074ef66f87b6e48b37a6925e479a,20260928
3189,1,2023-06-09,2025-07-08,2025-07-09,2026-01-08,2026-01-23,2026-03-03,0.3251785320353199,0.0,0.6794475132883502,1.1178758144378662,0.13042328907893241,0.05,19,20,1.098531723022461,0.1667347252368927,10.675859669355342,120daa2dc831f439c0a0ee32e8925a62fd8a27579365aee3b84ca1058ba47356,20260928
3189,2,2023-07-11,2025-08-05,2025-08-06,2026-02-05,2026-03-04,2026-03-31,0.3223579256591165,,,,,0.0,20,20,1.0977766513824463,0.14940133690834045,10.047957973847577,e9afddc212b1a5fd96cf064d15cd6ae86db0f881846a49a2d16bb9a95d0de00a,20260928
3189,3,2023-08-09,2025-09-02,2025-09-03,2026-03-17,2026-04-01,2026-04-30,0.3137484636548877,0.0,0.7067230274069933,1.1578774452209473,0.042870168562821095,0.1,18,20,1.0979106426239014,0.22232651710510254,10.539141105884731,e5f04c74aa0aa318e1894c145d38d821432a4feec571d11b709b747b805a79ae,20260928
3189,4,2023-09-06,2025-10-01,2025-10-02,2026-04-16,2026-05-04,2026-05-29,0.3143210833073353,0.6,0.6449936947506408,1.0675235986709595,0.13232082896975766,0.25,15,20,1.098314881324768,-0.0067789629101753235,10.157823460367528,c63a3187944c93548f16c3ed75c5d08792f1301b4c0b0d1784d2eafdabf1ef6b,20260928
3189,5,2023-10-05,2025-11-03,2025-11-04,2026-05-15,2026-06-01,2026-06-29,0.3143210833073353,0.2,0.6837601374096447,1.121460199356079,0.06461372363112491,0.25,15,20,1.0982435941696167,0.13858646154403687,10.054782554370076,95ca2386b8d3b13376c58b62fac294c90461d87f01d890f36b982de531ea2687,20260928
3189,6,2023-11-06,2025-12-01,2025-12-02,2026-06-12,2026-06-30,2026-07-28,0.3079459260180975,0.3333333333333333,0.6775931213659202,1.1099052429199219,0.04166505791716712,0.3,14,20,1.098351240158081,0.40831899642944336,10.125342695804333,67db36050ca2bf1c08b685f6647329a2487ee7f6a6d4044da720cb95b275e9af,20260928
3189,7,2023-12-04,2025-12-30,2025-12-31,2026-07-14,2026-07-29,2026-08-25,0.3079459260180975,0.3333333333333333,0.6697569662419364,1.1036056280136108,0.047499127123729584,0.3,14,20,1.098531723022461,-0.1353783756494522,10.646437981571793,7936457ce44e9ffdcc8f65bb21f1f5faaf0210af952409aaa2bcfd911b90ac9f,20260928
3189,8,2024-01-02,2026-01-28,2026-01-29,2026-08-11,2026-08-26,2026-09-22,0.31494768018694225,0.2727272727272727,0.6662139336372738,1.0972033739089966,0.03025964302421713,0.55,9,20,1.0980749130249023,0.22674301266670227,10.401712952923528,faf029bcc6f9e6ccb39b7692c432f9b594d154605ef32b4740553c2f2b602673,20260928
3443,0,2023-05-12,2025-06-10,2025-06-11,2025-12-09,2025-12-24,2026-01-22,0.37157918326055367,0.3333333333333333,0.6606160678199056,1.0891730785369873,0.05307738432938921,0.45,11,20,1.0985283851623535,0.11441318690776825,10.191086962472987,8bea05ca78e6f67adb6840b7d54ab5101125d5ccb8921b96832109783e73005d,20260928
3443,1,2023-06-09,2025-07-08,2025-07-09,2026-01-08,2026-01-23,2026-03-03,0.3671814744868425,0.2857142857142857,0.669939153427994,1.103155493736267,0.046322601831347135,0.35,13,20,1.098400592803955,0.11001653969287872,10.058797294121081,c1dab048b98dda6da070a6e3c621ef02d9c963b21fdb41c84ffd70f045ab81ad,20260928
3443,2,2023-07-11,2025-08-05,2025-08-06,2026-02-05,2026-03-04,2026-03-31,0.37157918326055367,,,,,0.0,20,20,1.0983572006225586,0.15080036222934723,10.005528715667701,773554b7c740e5eac3fbc42b0d5cb90cb5ef289a83abc137e70e6d37b0b4f119,20260928
3443,3,2023-08-09,2025-09-02,2025-09-03,2026-03-17,2026-04-01,2026-04-30,0.37157918326055367,0.0,0.6711700411077368,1.1022510528564453,0.16534868099599942,0.05,19,20,1.0971155166625977,0.2931802570819855,10.104435950231432,e066fb84de76cbbe57e5f97cc6542d43dc7fb5e20c348acab2c4e8b7fb77ed65,20260928
3443,4,2023-09-06,2025-10-01,2025-10-02,2026-04-16,2026-05-04,2026-05-29,0.3758304247203814,0.0,0.7702881409621408,1.253696084022522,0.0569837133948832,0.15,17,20,1.098514199256897,0.1515110284090042,10.435760203812245,e91bae5b48642d7087d84f1c2c912806d4c718087d9dbc5f02e90532e69de263,20260928
3443,5,2023-10-05,2025-11-03,2025-11-04,2026-05-15,2026-06-01,2026-06-29,0.37157918326055367,0.0,0.6863812920338382,1.127661943435669,0.06307083111390036,0.25,15,20,1.098051905632019,0.23458446562290192,9.985167665324107,ff766087465743636b8858dd7db0fc20289807dbc387f83dc10630ce32866b39,20260928
3443,6,2023-11-06,2025-12-01,2025-12-02,2026-06-12,2026-06-30,2026-07-28,0.36970634209386005,0.42857142857142855,0.6628660507945368,1.0929639339447021,0.05625890942154699,0.35,13,20,1.0985673666000366,0.2297477126121521,10.167866342287876,21da5b43b011159e071fa44c8f7da645512c5d6d1ac6b2976888e7d648c583c6,20260928
3443,7,2023-12-04,2025-12-30,2025-12-31,2026-07-14,2026-07-29,2026-08-25,0.3558093755010815,0.0,0.7037606138711965,1.1542867422103882,0.14562392379925373,0.05,19,20,1.0985065698623657,0.1798829734325409,10.36588554866536,c1bda9144a94edeabf8445c012796ba07077a66337a479a91d16d51fa75d8c45,20260928
3443,8,2024-01-02,2026-01-28,2026-01-29,2026-08-11,2026-08-26,2026-09-22,0.3548696196419704,0.42857142857142855,0.6618221872640859,1.0913220643997192,0.062372225374567714,0.35,13,20,1.0984828472137451,0.10000564903020859,10.545472375922671,559e371965b2f2662940773f2650e5e16d813711fcfbe0a4eea56830f9db8fe9,20260928
